[{"fields": {"clipboard": 1, "user": 1, "language": "fr"}, "model": "cms.usersettings", "pk": 1}, {"fields": {"clipboard": 2, "user": 2, "language": "fr"}, "model": "cms.usersettings", "pk": 2}, {"fields": {"clipboard": 3, "user": 3, "language": "fr"}, "model": "cms.usersettings", "pk": 3}, {"fields": {"clipboard": 16, "user": 5, "language": "fr"}, "model": "cms.usersettings", "pk": 4}, {"fields": {"clipboard": 17, "user": 4, "language": "fr"}, "model": "cms.usersettings", "pk": 5}, {"fields": {"navigation_extenders": "", "site": 1, "application_namespace": null, "path": "0001", "in_navigation": false, "reverse_id": "accueil", "login_required": false, "created_by": "patrick.hetu", "languages": "fr", "publication_end_date": null, "template": "INHERIT", "placeholders": [4], "changed_date": "2016-11-08T17:17:19", "limit_visibility_in_menu": null, "parent": null, "numchild": 0, "soft_root": false, "is_home": true, "publication_date": "2016-10-14T11:22:05", "creation_date": "2016-10-14T11:22:05", "publisher_public": 2, "application_urls": "", "changed_by": "sabrina", "publisher_is_draft": true, "xframe_options": 0, "depth": 1, "revision_id": 0}, "model": "cms.page", "pk": 1}, {"fields": {"navigation_extenders": "", "site": 1, "application_namespace": null, "path": "0002", "in_navigation": false, "reverse_id": "accueil", "login_required": false, "created_by": "patrick.hetu", "languages": "fr", "publication_end_date": null, "template": "INHERIT", "placeholders": [5], "changed_date": "2016-11-08T17:17:19", "limit_visibility_in_menu": null, "parent": null, "numchild": 0, "soft_root": false, "is_home": true, "publication_date": "2016-10-14T11:22:05", "creation_date": "2016-10-14T11:22:05", "publisher_public": 1, "application_urls": "", "changed_by": "sabrina", "publisher_is_draft": false, "xframe_options": 0, "depth": 1, "revision_id": 0}, "model": "cms.page", "pk": 2}, {"fields": {"navigation_extenders": "", "site": 1, "application_namespace": null, "path": "0004", "in_navigation": true, "reverse_id": null, "login_required": false, "created_by": "sabrina", "languages": "fr", "publication_end_date": null, "template": "page.html", "placeholders": [6], "changed_date": "2016-11-07T05:23:49", "limit_visibility_in_menu": null, "parent": null, "numchild": 4, "soft_root": false, "is_home": false, "publication_date": "2016-10-14T17:46:55", "creation_date": "2016-10-14T17:45:41", "publisher_public": 4, "application_urls": "", "changed_by": "imene.toumi", "publisher_is_draft": true, "xframe_options": 0, "depth": 1, "revision_id": 0}, "model": "cms.page", "pk": 3}, {"fields": {"navigation_extenders": "", "site": 1, "application_namespace": null, "path": "0005", "in_navigation": true, "reverse_id": null, "login_required": false, "created_by": "sabrina", "languages": "fr", "publication_end_date": null, "template": "page.html", "placeholders": [7], "changed_date": "2016-11-07T05:23:49", "limit_visibility_in_menu": null, "parent": null, "numchild": 4, "soft_root": false, "is_home": false, "publication_date": "2016-10-14T17:46:55", "creation_date": "2016-10-14T17:46:55", "publisher_public": 3, "application_urls": "", "changed_by": "imene.toumi", "publisher_is_draft": false, "xframe_options": 0, "depth": 1, "revision_id": 0}, "model": "cms.page", "pk": 4}, {"fields": {"navigation_extenders": "", "site": 1, "application_namespace": null, "path": "0006", "in_navigation": true, "reverse_id": null, "login_required": false, "created_by": "sabrina", "languages": "fr", "publication_end_date": null, "template": "page.html", "placeholders": [8], "changed_date": "2016-10-25T11:33:12", "limit_visibility_in_menu": null, "parent": null, "numchild": 2, "soft_root": false, "is_home": false, "publication_date": "2016-10-14T17:49:15", "creation_date": "2016-10-14T17:47:56", "publisher_public": 9, "application_urls": "", "changed_by": "sabrina", "publisher_is_draft": true, "xframe_options": 0, "depth": 1, "revision_id": 0}, "model": "cms.page", "pk": 5}, {"fields": {"navigation_extenders": "", "site": 1, "application_namespace": null, "path": "000D", "in_navigation": false, "reverse_id": null, "login_required": false, "created_by": "sabrina", "languages": "fr", "publication_end_date": null, "template": "page.html", "placeholders": [9], "changed_date": "2016-10-21T16:30:30", "limit_visibility_in_menu": null, "parent": null, "numchild": 0, "soft_root": false, "is_home": false, "publication_date": "2016-10-14T17:49:20", "creation_date": "2016-10-14T17:48:33", "publisher_public": 10, "application_urls": "", "changed_by": "sabrina", "publisher_is_draft": true, "xframe_options": 0, "depth": 1, "revision_id": 0}, "model": "cms.page", "pk": 6}, {"fields": {"navigation_extenders": "", "site": 1, "application_namespace": null, "path": "00040004", "in_navigation": true, "reverse_id": null, "login_required": false, "created_by": "sabrina", "languages": "fr", "publication_end_date": null, "template": "page.html", "placeholders": [10], "changed_date": "2016-11-09T05:56:21", "limit_visibility_in_menu": null, "parent": 3, "numchild": 0, "soft_root": false, "is_home": false, "publication_date": "2016-10-14T17:49:24", "creation_date": "2016-10-14T17:48:50", "publisher_public": 11, "application_urls": "", "changed_by": "imene.toumi", "publisher_is_draft": true, "xframe_options": 0, "depth": 2, "revision_id": 0}, "model": "cms.page", "pk": 7}, {"fields": {"navigation_extenders": "", "site": 1, "application_namespace": null, "path": "000H", "in_navigation": true, "reverse_id": null, "login_required": false, "created_by": "sabrina", "languages": "fr", "publication_end_date": null, "template": "page.html", "placeholders": [11], "changed_date": "2016-10-25T11:33:20", "limit_visibility_in_menu": null, "parent": null, "numchild": 2, "soft_root": false, "is_home": false, "publication_date": "2016-10-14T17:49:27", "creation_date": "2016-10-14T17:49:10", "publisher_public": 12, "application_urls": "", "changed_by": "sabrina", "publisher_is_draft": true, "xframe_options": 0, "depth": 1, "revision_id": 0}, "model": "cms.page", "pk": 8}, {"fields": {"navigation_extenders": "", "site": 1, "application_namespace": null, "path": "0007", "in_navigation": true, "reverse_id": null, "login_required": false, "created_by": "sabrina", "languages": "fr", "publication_end_date": null, "template": "page.html", "placeholders": [12], "changed_date": "2016-10-25T11:33:12", "limit_visibility_in_menu": null, "parent": null, "numchild": 2, "soft_root": false, "is_home": false, "publication_date": "2016-10-14T17:49:15", "creation_date": "2016-10-14T17:49:15", "publisher_public": 5, "application_urls": "", "changed_by": "sabrina", "publisher_is_draft": false, "xframe_options": 0, "depth": 1, "revision_id": 0}, "model": "cms.page", "pk": 9}, {"fields": {"navigation_extenders": "", "site": 1, "application_namespace": null, "path": "000E", "in_navigation": false, "reverse_id": null, "login_required": false, "created_by": "sabrina", "languages": "fr", "publication_end_date": null, "template": "page.html", "placeholders": [13], "changed_date": "2016-10-21T16:30:30", "limit_visibility_in_menu": null, "parent": null, "numchild": 0, "soft_root": false, "is_home": false, "publication_date": "2016-10-14T17:49:20", "creation_date": "2016-10-14T17:49:20", "publisher_public": 6, "application_urls": "", "changed_by": "sabrina", "publisher_is_draft": false, "xframe_options": 0, "depth": 1, "revision_id": 0}, "model": "cms.page", "pk": 10}, {"fields": {"navigation_extenders": "", "site": 1, "application_namespace": null, "path": "00050004", "in_navigation": true, "reverse_id": null, "login_required": false, "created_by": "sabrina", "languages": "fr", "publication_end_date": null, "template": "page.html", "placeholders": [14], "changed_date": "2016-11-09T05:56:21", "limit_visibility_in_menu": null, "parent": 4, "numchild": 0, "soft_root": false, "is_home": false, "publication_date": "2016-10-14T17:49:24", "creation_date": "2016-10-14T17:49:24", "publisher_public": 7, "application_urls": "", "changed_by": "imene.toumi", "publisher_is_draft": false, "xframe_options": 0, "depth": 2, "revision_id": 0}, "model": "cms.page", "pk": 11}, {"fields": {"navigation_extenders": "", "site": 1, "application_namespace": null, "path": "000I", "in_navigation": true, "reverse_id": null, "login_required": false, "created_by": "sabrina", "languages": "fr", "publication_end_date": null, "template": "page.html", "placeholders": [15], "changed_date": "2016-10-25T11:33:20", "limit_visibility_in_menu": null, "parent": null, "numchild": 2, "soft_root": false, "is_home": false, "publication_date": "2016-10-14T17:49:27", "creation_date": "2016-10-14T17:49:27", "publisher_public": 8, "application_urls": "", "changed_by": "sabrina", "publisher_is_draft": false, "xframe_options": 0, "depth": 1, "revision_id": 0}, "model": "cms.page", "pk": 12}, {"fields": {"navigation_extenders": "", "site": 1, "application_namespace": null, "path": "00040001", "in_navigation": true, "reverse_id": null, "login_required": false, "created_by": "imene.toumi", "languages": "fr", "publication_end_date": null, "template": "INHERIT", "placeholders": [18], "changed_date": "2016-11-09T09:07:08", "limit_visibility_in_menu": null, "parent": 3, "numchild": 0, "soft_root": false, "is_home": false, "publication_date": "2016-10-18T05:50:36", "creation_date": "2016-10-18T05:49:34", "publisher_public": 14, "application_urls": "", "changed_by": "sabrina", "publisher_is_draft": true, "xframe_options": 0, "depth": 2, "revision_id": 0}, "model": "cms.page", "pk": 13}, {"fields": {"navigation_extenders": "", "site": 1, "application_namespace": null, "path": "00050001", "in_navigation": true, "reverse_id": null, "login_required": false, "created_by": "imene.toumi", "languages": "fr", "publication_end_date": null, "template": "INHERIT", "placeholders": [19], "changed_date": "2016-11-09T09:07:08", "limit_visibility_in_menu": null, "parent": 4, "numchild": 0, "soft_root": false, "is_home": false, "publication_date": "2016-10-18T05:50:36", "creation_date": "2016-10-18T05:50:36", "publisher_public": 13, "application_urls": "", "changed_by": "sabrina", "publisher_is_draft": false, "xframe_options": 0, "depth": 2, "revision_id": 0}, "model": "cms.page", "pk": 14}, {"fields": {"navigation_extenders": null, "site": 1, "application_namespace": null, "path": "00040002", "in_navigation": true, "reverse_id": null, "login_required": false, "created_by": "imene.toumi", "languages": "fr", "publication_end_date": null, "template": "INHERIT", "placeholders": [20], "changed_date": "2016-11-09T09:07:59", "limit_visibility_in_menu": null, "parent": 3, "numchild": 0, "soft_root": false, "is_home": false, "publication_date": "2016-10-18T06:02:01", "creation_date": "2016-10-18T05:52:00", "publisher_public": 17, "application_urls": null, "changed_by": "sabrina", "publisher_is_draft": true, "xframe_options": 0, "depth": 2, "revision_id": 0}, "model": "cms.page", "pk": 15}, {"fields": {"navigation_extenders": null, "site": 1, "application_namespace": null, "path": "00040003", "in_navigation": true, "reverse_id": null, "login_required": false, "created_by": "imene.toumi", "languages": "fr", "publication_end_date": null, "template": "INHERIT", "placeholders": [21], "changed_date": "2016-11-09T11:41:45", "limit_visibility_in_menu": null, "parent": 3, "numchild": 0, "soft_root": false, "is_home": false, "publication_date": "2016-10-18T06:02:03", "creation_date": "2016-10-18T05:59:01", "publisher_public": 18, "application_urls": null, "changed_by": "sabrina", "publisher_is_draft": true, "xframe_options": 0, "depth": 2, "revision_id": 0}, "model": "cms.page", "pk": 16}, {"fields": {"navigation_extenders": null, "site": 1, "application_namespace": null, "path": "00050002", "in_navigation": true, "reverse_id": null, "login_required": false, "created_by": "imene.toumi", "languages": "fr", "publication_end_date": null, "template": "INHERIT", "placeholders": [22], "changed_date": "2016-11-09T09:07:58", "limit_visibility_in_menu": null, "parent": 4, "numchild": 0, "soft_root": false, "is_home": false, "publication_date": "2016-10-18T06:02:01", "creation_date": "2016-10-18T06:02:01", "publisher_public": 15, "application_urls": null, "changed_by": "sabrina", "publisher_is_draft": false, "xframe_options": 0, "depth": 2, "revision_id": 0}, "model": "cms.page", "pk": 17}, {"fields": {"navigation_extenders": null, "site": 1, "application_namespace": null, "path": "00050003", "in_navigation": true, "reverse_id": null, "login_required": false, "created_by": "imene.toumi", "languages": "fr", "publication_end_date": null, "template": "INHERIT", "placeholders": [23], "changed_date": "2016-11-09T11:41:45", "limit_visibility_in_menu": null, "parent": 4, "numchild": 0, "soft_root": false, "is_home": false, "publication_date": "2016-10-18T06:02:03", "creation_date": "2016-10-18T06:02:03", "publisher_public": 16, "application_urls": null, "changed_by": "sabrina", "publisher_is_draft": false, "xframe_options": 0, "depth": 2, "revision_id": 0}, "model": "cms.page", "pk": 18}, {"fields": {"navigation_extenders": null, "site": 1, "application_namespace": null, "path": "00060001", "in_navigation": true, "reverse_id": null, "login_required": false, "created_by": "imene.toumi", "languages": "fr", "publication_end_date": null, "template": "INHERIT", "placeholders": [26], "changed_date": "2016-11-09T09:09:23", "limit_visibility_in_menu": null, "parent": 5, "numchild": 0, "soft_root": false, "is_home": false, "publication_date": "2016-10-18T06:47:54", "creation_date": "2016-10-18T06:04:54", "publisher_public": 28, "application_urls": null, "changed_by": "sabrina", "publisher_is_draft": true, "xframe_options": 0, "depth": 2, "revision_id": 0}, "model": "cms.page", "pk": 21}, {"fields": {"navigation_extenders": null, "site": 1, "application_namespace": null, "path": "00060002", "in_navigation": true, "reverse_id": null, "login_required": false, "created_by": "imene.toumi", "languages": "fr", "publication_end_date": null, "template": "INHERIT", "placeholders": [27], "changed_date": "2016-11-08T16:41:02", "limit_visibility_in_menu": null, "parent": 5, "numchild": 0, "soft_root": false, "is_home": false, "publication_date": "2016-10-18T06:47:56", "creation_date": "2016-10-18T06:05:16", "publisher_public": 29, "application_urls": null, "changed_by": "sabrina", "publisher_is_draft": true, "xframe_options": 0, "depth": 2, "revision_id": 0}, "model": "cms.page", "pk": 22}, {"fields": {"navigation_extenders": null, "site": 1, "application_namespace": null, "path": "000H0001", "in_navigation": true, "reverse_id": null, "login_required": false, "created_by": "imene.toumi", "languages": "fr", "publication_end_date": null, "template": "INHERIT", "placeholders": [28], "changed_date": "2016-11-06T09:35:50", "limit_visibility_in_menu": null, "parent": 8, "numchild": 0, "soft_root": false, "is_home": false, "publication_date": "2016-10-18T06:48:38", "creation_date": "2016-10-18T06:05:41", "publisher_public": 32, "application_urls": null, "changed_by": "imene.toumi", "publisher_is_draft": true, "xframe_options": 0, "depth": 2, "revision_id": 0}, "model": "cms.page", "pk": 23}, {"fields": {"navigation_extenders": null, "site": 1, "application_namespace": null, "path": "000H0002", "in_navigation": true, "reverse_id": null, "login_required": false, "created_by": "imene.toumi", "languages": "fr", "publication_end_date": null, "template": "INHERIT", "placeholders": [29], "changed_date": "2016-11-07T04:46:21", "limit_visibility_in_menu": null, "parent": 8, "numchild": 0, "soft_root": false, "is_home": false, "publication_date": "2016-10-18T06:48:51", "creation_date": "2016-10-18T06:06:37", "publisher_public": 33, "application_urls": null, "changed_by": "imene.toumi", "publisher_is_draft": true, "xframe_options": 0, "depth": 2, "revision_id": 0}, "model": "cms.page", "pk": 24}, {"fields": {"navigation_extenders": "", "site": 1, "application_namespace": null, "path": "0008", "in_navigation": true, "reverse_id": null, "login_required": false, "created_by": "imene.toumi", "languages": "fr", "publication_end_date": null, "template": "page.html", "placeholders": [30], "changed_date": "2016-11-08T17:17:19", "limit_visibility_in_menu": null, "parent": null, "numchild": 0, "soft_root": false, "is_home": false, "publication_date": "2016-10-18T06:47:35", "creation_date": "2016-10-18T06:07:37", "publisher_public": 27, "application_urls": "", "changed_by": "sabrina", "publisher_is_draft": true, "xframe_options": 0, "depth": 1, "revision_id": 0}, "model": "cms.page", "pk": 25}, {"fields": {"navigation_extenders": "", "site": 1, "application_namespace": null, "path": "000K", "in_navigation": true, "reverse_id": null, "login_required": false, "created_by": "imene.toumi", "languages": "fr", "publication_end_date": null, "template": "page.html", "placeholders": [31], "changed_date": "2016-11-07T05:02:13", "limit_visibility_in_menu": null, "parent": null, "numchild": 0, "soft_root": false, "is_home": false, "publication_date": "2016-10-18T06:49:05", "creation_date": "2016-10-18T06:19:58", "publisher_public": 34, "application_urls": "", "changed_by": "imene.toumi", "publisher_is_draft": true, "xframe_options": 0, "depth": 1, "revision_id": 0}, "model": "cms.page", "pk": 26}, {"fields": {"navigation_extenders": "", "site": 1, "application_namespace": null, "path": "0009", "in_navigation": true, "reverse_id": null, "login_required": false, "created_by": "imene.toumi", "languages": "fr", "publication_end_date": null, "template": "page.html", "placeholders": [32], "changed_date": "2016-11-08T17:17:19", "limit_visibility_in_menu": null, "parent": null, "numchild": 0, "soft_root": false, "is_home": false, "publication_date": "2016-10-18T06:47:35", "creation_date": "2016-10-18T06:47:35", "publisher_public": 25, "application_urls": "", "changed_by": "sabrina", "publisher_is_draft": false, "xframe_options": 0, "depth": 1, "revision_id": 0}, "model": "cms.page", "pk": 27}, {"fields": {"navigation_extenders": null, "site": 1, "application_namespace": null, "path": "00070001", "in_navigation": true, "reverse_id": null, "login_required": false, "created_by": "imene.toumi", "languages": "fr", "publication_end_date": null, "template": "INHERIT", "placeholders": [33], "changed_date": "2016-11-09T09:09:23", "limit_visibility_in_menu": null, "parent": 9, "numchild": 0, "soft_root": false, "is_home": false, "publication_date": "2016-10-18T06:47:54", "creation_date": "2016-10-18T06:47:54", "publisher_public": 21, "application_urls": null, "changed_by": "sabrina", "publisher_is_draft": false, "xframe_options": 0, "depth": 2, "revision_id": 0}, "model": "cms.page", "pk": 28}, {"fields": {"navigation_extenders": null, "site": 1, "application_namespace": null, "path": "00070002", "in_navigation": true, "reverse_id": null, "login_required": false, "created_by": "imene.toumi", "languages": "fr", "publication_end_date": null, "template": "INHERIT", "placeholders": [34], "changed_date": "2016-11-08T16:41:02", "limit_visibility_in_menu": null, "parent": 9, "numchild": 0, "soft_root": false, "is_home": false, "publication_date": "2016-10-18T06:47:56", "creation_date": "2016-10-18T06:47:56", "publisher_public": 22, "application_urls": null, "changed_by": "sabrina", "publisher_is_draft": false, "xframe_options": 0, "depth": 2, "revision_id": 0}, "model": "cms.page", "pk": 29}, {"fields": {"navigation_extenders": null, "site": 1, "application_namespace": null, "path": "000I0001", "in_navigation": true, "reverse_id": null, "login_required": false, "created_by": "imene.toumi", "languages": "fr", "publication_end_date": null, "template": "INHERIT", "placeholders": [37], "changed_date": "2016-11-06T09:35:50", "limit_visibility_in_menu": null, "parent": 12, "numchild": 0, "soft_root": false, "is_home": false, "publication_date": "2016-10-18T06:48:38", "creation_date": "2016-10-18T06:48:38", "publisher_public": 23, "application_urls": null, "changed_by": "imene.toumi", "publisher_is_draft": false, "xframe_options": 0, "depth": 2, "revision_id": 0}, "model": "cms.page", "pk": 32}, {"fields": {"navigation_extenders": null, "site": 1, "application_namespace": null, "path": "000I0002", "in_navigation": true, "reverse_id": null, "login_required": false, "created_by": "imene.toumi", "languages": "fr", "publication_end_date": null, "template": "INHERIT", "placeholders": [38], "changed_date": "2016-11-07T04:46:21", "limit_visibility_in_menu": null, "parent": 12, "numchild": 0, "soft_root": false, "is_home": false, "publication_date": "2016-10-18T06:48:51", "creation_date": "2016-10-18T06:48:51", "publisher_public": 24, "application_urls": null, "changed_by": "imene.toumi", "publisher_is_draft": false, "xframe_options": 0, "depth": 2, "revision_id": 0}, "model": "cms.page", "pk": 33}, {"fields": {"navigation_extenders": "", "site": 1, "application_namespace": null, "path": "000L", "in_navigation": true, "reverse_id": null, "login_required": false, "created_by": "imene.toumi", "languages": "fr", "publication_end_date": null, "template": "page.html", "placeholders": [39], "changed_date": "2016-11-07T05:02:13", "limit_visibility_in_menu": null, "parent": null, "numchild": 0, "soft_root": false, "is_home": false, "publication_date": "2016-10-18T06:49:05", "creation_date": "2016-10-18T06:49:05", "publisher_public": 26, "application_urls": "", "changed_by": "imene.toumi", "publisher_is_draft": false, "xframe_options": 0, "depth": 1, "revision_id": 0}, "model": "cms.page", "pk": 34}, {"fields": {"slot": "clipboard", "default_width": null}, "model": "cms.placeholder", "pk": 1}, {"fields": {"slot": "clipboard", "default_width": null}, "model": "cms.placeholder", "pk": 2}, {"fields": {"slot": "clipboard", "default_width": null}, "model": "cms.placeholder", "pk": 3}, {"fields": {"slot": "Texte", "default_width": null}, "model": "cms.placeholder", "pk": 4}, {"fields": {"slot": "Texte", "default_width": null}, "model": "cms.placeholder", "pk": 5}, {"fields": {"slot": "Texte", "default_width": null}, "model": "cms.placeholder", "pk": 6}, {"fields": {"slot": "Texte", "default_width": null}, "model": "cms.placeholder", "pk": 7}, {"fields": {"slot": "Texte", "default_width": null}, "model": "cms.placeholder", "pk": 8}, {"fields": {"slot": "Texte", "default_width": null}, "model": "cms.placeholder", "pk": 9}, {"fields": {"slot": "Texte", "default_width": null}, "model": "cms.placeholder", "pk": 10}, {"fields": {"slot": "Texte", "default_width": null}, "model": "cms.placeholder", "pk": 11}, {"fields": {"slot": "Texte", "default_width": null}, "model": "cms.placeholder", "pk": 12}, {"fields": {"slot": "Texte", "default_width": null}, "model": "cms.placeholder", "pk": 13}, {"fields": {"slot": "Texte", "default_width": null}, "model": "cms.placeholder", "pk": 14}, {"fields": {"slot": "Texte", "default_width": null}, "model": "cms.placeholder", "pk": 15}, {"fields": {"slot": "clipboard", "default_width": null}, "model": "cms.placeholder", "pk": 16}, {"fields": {"slot": "clipboard", "default_width": null}, "model": "cms.placeholder", "pk": 17}, {"fields": {"slot": "Texte", "default_width": null}, "model": "cms.placeholder", "pk": 18}, {"fields": {"slot": "Texte", "default_width": null}, "model": "cms.placeholder", "pk": 19}, {"fields": {"slot": "Texte", "default_width": null}, "model": "cms.placeholder", "pk": 20}, {"fields": {"slot": "Texte", "default_width": null}, "model": "cms.placeholder", "pk": 21}, {"fields": {"slot": "Texte", "default_width": null}, "model": "cms.placeholder", "pk": 22}, {"fields": {"slot": "Texte", "default_width": null}, "model": "cms.placeholder", "pk": 23}, {"fields": {"slot": "Texte", "default_width": null}, "model": "cms.placeholder", "pk": 26}, {"fields": {"slot": "Texte", "default_width": null}, "model": "cms.placeholder", "pk": 27}, {"fields": {"slot": "Texte", "default_width": null}, "model": "cms.placeholder", "pk": 28}, {"fields": {"slot": "Texte", "default_width": null}, "model": "cms.placeholder", "pk": 29}, {"fields": {"slot": "Texte", "default_width": null}, "model": "cms.placeholder", "pk": 30}, {"fields": {"slot": "Texte", "default_width": null}, "model": "cms.placeholder", "pk": 31}, {"fields": {"slot": "Texte", "default_width": null}, "model": "cms.placeholder", "pk": 32}, {"fields": {"slot": "Texte", "default_width": null}, "model": "cms.placeholder", "pk": 33}, {"fields": {"slot": "Texte", "default_width": null}, "model": "cms.placeholder", "pk": 34}, {"fields": {"slot": "Texte", "default_width": null}, "model": "cms.placeholder", "pk": 37}, {"fields": {"slot": "Texte", "default_width": null}, "model": "cms.placeholder", "pk": 38}, {"fields": {"slot": "Texte", "default_width": null}, "model": "cms.placeholder", "pk": 39}, {"fields": {"changed_date": "2016-10-18T06:38:12", "language": "fr", "parent": null, "numchild": 0, "creation_date": "2016-10-18T06:38:12", "depth": 1, "position": 0, "path": "0001", "placeholder": 17, "plugin_type": "AliasPlugin"}, "model": "cms.cmsplugin", "pk": 1}, {"fields": {"changed_date": "2016-10-18T10:27:03", "language": "fr", "parent": null, "numchild": 0, "creation_date": "2016-10-18T10:27:03", "depth": 1, "position": 0, "path": "0002", "placeholder": 18, "plugin_type": "TextPlugin"}, "model": "cms.cmsplugin", "pk": 4}, {"fields": {"changed_date": "2016-10-18T10:27:47", "language": "fr", "parent": null, "numchild": 0, "creation_date": "2016-10-18T10:27:47", "depth": 1, "position": 1, "path": "0003", "placeholder": 18, "plugin_type": "TextPlugin"}, "model": "cms.cmsplugin", "pk": 5}, {"fields": {"changed_date": "2016-10-18T10:29:05", "language": "fr", "parent": null, "numchild": 0, "creation_date": "2016-10-18T10:29:04", "depth": 1, "position": 2, "path": "0004", "placeholder": 18, "plugin_type": "TextPlugin"}, "model": "cms.cmsplugin", "pk": 7}, {"fields": {"changed_date": "2016-11-09T09:07:05", "language": "fr", "parent": null, "numchild": 2, "creation_date": "2016-10-18T10:30:11", "depth": 1, "position": 3, "path": "0005", "placeholder": 18, "plugin_type": "TextPlugin"}, "model": "cms.cmsplugin", "pk": 8}, {"fields": {"changed_date": "2016-10-18T10:41:51", "language": "fr", "parent": 8, "numchild": 0, "creation_date": "2016-10-18T10:40:13", "depth": 2, "position": 0, "path": "00050001", "placeholder": 18, "plugin_type": "FilerLinkPlugin"}, "model": "cms.cmsplugin", "pk": 9}, {"fields": {"changed_date": "2016-10-18T10:41:34", "language": "fr", "parent": 8, "numchild": 0, "creation_date": "2016-10-18T10:41:34", "depth": 2, "position": 1, "path": "00050002", "placeholder": 18, "plugin_type": "FilerLinkPlugin"}, "model": "cms.cmsplugin", "pk": 10}, {"fields": {"changed_date": "2016-11-09T09:07:52", "language": "fr", "parent": null, "numchild": 0, "creation_date": "2016-10-18T10:45:09", "depth": 1, "position": 0, "path": "0006", "placeholder": 20, "plugin_type": "TextPlugin"}, "model": "cms.cmsplugin", "pk": 11}, {"fields": {"changed_date": "2016-11-09T11:41:15", "language": "fr", "parent": null, "numchild": 0, "creation_date": "2016-10-18T10:48:30", "depth": 1, "position": 0, "path": "0007", "placeholder": 21, "plugin_type": "TextPlugin"}, "model": "cms.cmsplugin", "pk": 12}, {"fields": {"changed_date": "2016-11-06T09:35:28", "language": "fr", "parent": null, "numchild": 0, "creation_date": "2016-10-18T10:50:05", "depth": 1, "position": 0, "path": "0008", "placeholder": 28, "plugin_type": "TextPlugin"}, "model": "cms.cmsplugin", "pk": 13}, {"fields": {"changed_date": "2016-11-07T04:46:15", "language": "fr", "parent": null, "numchild": 0, "creation_date": "2016-10-18T10:51:57", "depth": 1, "position": 0, "path": "0009", "placeholder": 29, "plugin_type": "TextPlugin"}, "model": "cms.cmsplugin", "pk": 14}, {"fields": {"changed_date": "2016-11-08T17:10:22", "language": "fr", "parent": null, "numchild": 1, "creation_date": "2016-10-24T12:27:02", "depth": 1, "position": 0, "path": "000I", "placeholder": 30, "plugin_type": "TextPlugin"}, "model": "cms.cmsplugin", "pk": 25}, {"fields": {"changed_date": "2016-10-24T12:49:33", "language": "fr", "parent": null, "numchild": 0, "creation_date": "2016-10-24T12:49:20", "depth": 1, "position": 0, "path": "000J", "placeholder": 8, "plugin_type": "TextPlugin"}, "model": "cms.cmsplugin", "pk": 27}, {"fields": {"changed_date": "2016-11-08T16:40:59", "language": "fr", "parent": null, "numchild": 0, "creation_date": "2016-10-24T12:49:57", "depth": 1, "position": 0, "path": "000L", "placeholder": 27, "plugin_type": "TextPlugin"}, "model": "cms.cmsplugin", "pk": 29}, {"fields": {"changed_date": "2016-11-09T09:09:20", "language": "fr", "parent": null, "numchild": 0, "creation_date": "2016-10-24T12:51:37", "depth": 1, "position": 0, "path": "000O", "placeholder": 26, "plugin_type": "TextPlugin"}, "model": "cms.cmsplugin", "pk": 33}, {"fields": {"changed_date": "2016-10-24T12:56:19", "language": "fr", "parent": null, "numchild": 0, "creation_date": "2016-10-24T12:56:03", "depth": 1, "position": 0, "path": "000W", "placeholder": 10, "plugin_type": "TextPlugin"}, "model": "cms.cmsplugin", "pk": 43}, {"fields": {"changed_date": "2016-10-24T13:13:33", "language": "fr", "parent": null, "numchild": 0, "creation_date": "2016-10-24T13:13:21", "depth": 1, "position": 0, "path": "0010", "placeholder": 31, "plugin_type": "TextPlugin"}, "model": "cms.cmsplugin", "pk": 47}, {"fields": {"changed_date": "2016-10-25T11:33:12", "language": "fr", "parent": null, "numchild": 0, "creation_date": "2016-10-24T12:49:20", "depth": 1, "position": 0, "path": "0013", "placeholder": 12, "plugin_type": "TextPlugin"}, "model": "cms.cmsplugin", "pk": 50}, {"fields": {"changed_date": "2016-11-06T09:15:46", "language": "fr", "parent": null, "numchild": 10, "creation_date": "2016-10-26T08:41:23", "depth": 1, "position": 1, "path": "0014", "placeholder": 31, "plugin_type": "TextPlugin"}, "model": "cms.cmsplugin", "pk": 51}, {"fields": {"changed_date": "2016-11-06T09:12:57", "language": "fr", "parent": 51, "numchild": 0, "creation_date": "2016-10-26T10:28:52", "depth": 2, "position": 0, "path": "00140003", "placeholder": 31, "plugin_type": "FilerLinkPlugin"}, "model": "cms.cmsplugin", "pk": 60}, {"fields": {"changed_date": "2016-11-06T09:12:57", "language": "fr", "parent": 51, "numchild": 0, "creation_date": "2016-10-26T10:29:16", "depth": 2, "position": 1, "path": "00140004", "placeholder": 31, "plugin_type": "FilerLinkPlugin"}, "model": "cms.cmsplugin", "pk": 61}, {"fields": {"changed_date": "2016-11-09T05:56:15", "language": "fr", "parent": null, "numchild": 0, "creation_date": "2016-10-26T10:35:10", "depth": 1, "position": 1, "path": "0017", "placeholder": 10, "plugin_type": "TextPlugin"}, "model": "cms.cmsplugin", "pk": 68}, {"fields": {"changed_date": "2016-11-06T09:12:57", "language": "fr", "parent": 51, "numchild": 0, "creation_date": "2016-11-06T09:09:30", "depth": 2, "position": 2, "path": "00140005", "placeholder": 31, "plugin_type": "FilerLinkPlugin"}, "model": "cms.cmsplugin", "pk": 114}, {"fields": {"changed_date": "2016-11-06T09:12:57", "language": "fr", "parent": 51, "numchild": 0, "creation_date": "2016-11-06T09:10:26", "depth": 2, "position": 3, "path": "00140006", "placeholder": 31, "plugin_type": "FilerLinkPlugin"}, "model": "cms.cmsplugin", "pk": 115}, {"fields": {"changed_date": "2016-11-06T09:12:57", "language": "fr", "parent": 51, "numchild": 0, "creation_date": "2016-11-06T09:10:47", "depth": 2, "position": 4, "path": "00140007", "placeholder": 31, "plugin_type": "FilerLinkPlugin"}, "model": "cms.cmsplugin", "pk": 116}, {"fields": {"changed_date": "2016-11-06T09:12:57", "language": "fr", "parent": 51, "numchild": 0, "creation_date": "2016-11-06T09:11:05", "depth": 2, "position": 5, "path": "00140008", "placeholder": 31, "plugin_type": "FilerLinkPlugin"}, "model": "cms.cmsplugin", "pk": 117}, {"fields": {"changed_date": "2016-11-06T09:12:57", "language": "fr", "parent": 51, "numchild": 0, "creation_date": "2016-11-06T09:11:29", "depth": 2, "position": 6, "path": "00140009", "placeholder": 31, "plugin_type": "FilerLinkPlugin"}, "model": "cms.cmsplugin", "pk": 118}, {"fields": {"changed_date": "2016-11-06T09:12:57", "language": "fr", "parent": 51, "numchild": 0, "creation_date": "2016-11-06T09:11:49", "depth": 2, "position": 7, "path": "0014000A", "placeholder": 31, "plugin_type": "FilerLinkPlugin"}, "model": "cms.cmsplugin", "pk": 119}, {"fields": {"changed_date": "2016-11-06T09:12:57", "language": "fr", "parent": 51, "numchild": 0, "creation_date": "2016-11-06T09:12:05", "depth": 2, "position": 8, "path": "0014000B", "placeholder": 31, "plugin_type": "FilerLinkPlugin"}, "model": "cms.cmsplugin", "pk": 120}, {"fields": {"changed_date": "2016-11-06T09:12:57", "language": "fr", "parent": 51, "numchild": 0, "creation_date": "2016-11-06T09:12:24", "depth": 2, "position": 9, "path": "0014000C", "placeholder": 31, "plugin_type": "FilerLinkPlugin"}, "model": "cms.cmsplugin", "pk": 121}, {"fields": {"changed_date": "2016-11-06T09:35:50", "language": "fr", "parent": null, "numchild": 0, "creation_date": "2016-10-18T10:50:05", "depth": 1, "position": 0, "path": "001R", "placeholder": 37, "plugin_type": "TextPlugin"}, "model": "cms.cmsplugin", "pk": 122}, {"fields": {"changed_date": "2016-11-07T04:46:21", "language": "fr", "parent": null, "numchild": 0, "creation_date": "2016-10-18T10:51:57", "depth": 1, "position": 0, "path": "001S", "placeholder": 38, "plugin_type": "TextPlugin"}, "model": "cms.cmsplugin", "pk": 124}, {"fields": {"changed_date": "2016-11-07T05:02:13", "language": "fr", "parent": null, "numchild": 0, "creation_date": "2016-10-24T13:13:21", "depth": 1, "position": 0, "path": "001T", "placeholder": 39, "plugin_type": "TextPlugin"}, "model": "cms.cmsplugin", "pk": 125}, {"fields": {"changed_date": "2016-11-07T05:02:13", "language": "fr", "parent": null, "numchild": 10, "creation_date": "2016-10-26T08:41:23", "depth": 1, "position": 1, "path": "001U", "placeholder": 39, "plugin_type": "TextPlugin"}, "model": "cms.cmsplugin", "pk": 126}, {"fields": {"changed_date": "2016-11-07T05:02:13", "language": "fr", "parent": 126, "numchild": 0, "creation_date": "2016-10-26T10:28:52", "depth": 2, "position": 0, "path": "001U0001", "placeholder": 39, "plugin_type": "FilerLinkPlugin"}, "model": "cms.cmsplugin", "pk": 127}, {"fields": {"changed_date": "2016-11-07T05:02:13", "language": "fr", "parent": 126, "numchild": 0, "creation_date": "2016-10-26T10:29:16", "depth": 2, "position": 1, "path": "001U0002", "placeholder": 39, "plugin_type": "FilerLinkPlugin"}, "model": "cms.cmsplugin", "pk": 128}, {"fields": {"changed_date": "2016-11-07T05:02:13", "language": "fr", "parent": 126, "numchild": 0, "creation_date": "2016-11-06T09:09:30", "depth": 2, "position": 2, "path": "001U0003", "placeholder": 39, "plugin_type": "FilerLinkPlugin"}, "model": "cms.cmsplugin", "pk": 129}, {"fields": {"changed_date": "2016-11-07T05:02:13", "language": "fr", "parent": 126, "numchild": 0, "creation_date": "2016-11-06T09:10:26", "depth": 2, "position": 3, "path": "001U0004", "placeholder": 39, "plugin_type": "FilerLinkPlugin"}, "model": "cms.cmsplugin", "pk": 130}, {"fields": {"changed_date": "2016-11-07T05:02:13", "language": "fr", "parent": 126, "numchild": 0, "creation_date": "2016-11-06T09:10:47", "depth": 2, "position": 4, "path": "001U0005", "placeholder": 39, "plugin_type": "FilerLinkPlugin"}, "model": "cms.cmsplugin", "pk": 131}, {"fields": {"changed_date": "2016-11-07T05:02:13", "language": "fr", "parent": 126, "numchild": 0, "creation_date": "2016-11-06T09:11:05", "depth": 2, "position": 5, "path": "001U0006", "placeholder": 39, "plugin_type": "FilerLinkPlugin"}, "model": "cms.cmsplugin", "pk": 132}, {"fields": {"changed_date": "2016-11-07T05:02:13", "language": "fr", "parent": 126, "numchild": 0, "creation_date": "2016-11-06T09:11:29", "depth": 2, "position": 6, "path": "001U0007", "placeholder": 39, "plugin_type": "FilerLinkPlugin"}, "model": "cms.cmsplugin", "pk": 133}, {"fields": {"changed_date": "2016-11-07T05:02:13", "language": "fr", "parent": 126, "numchild": 0, "creation_date": "2016-11-06T09:11:49", "depth": 2, "position": 7, "path": "001U0008", "placeholder": 39, "plugin_type": "FilerLinkPlugin"}, "model": "cms.cmsplugin", "pk": 134}, {"fields": {"changed_date": "2016-11-07T05:02:13", "language": "fr", "parent": 126, "numchild": 0, "creation_date": "2016-11-06T09:12:05", "depth": 2, "position": 8, "path": "001U0009", "placeholder": 39, "plugin_type": "FilerLinkPlugin"}, "model": "cms.cmsplugin", "pk": 135}, {"fields": {"changed_date": "2016-11-07T05:02:13", "language": "fr", "parent": 126, "numchild": 0, "creation_date": "2016-11-06T09:12:24", "depth": 2, "position": 9, "path": "001U000A", "placeholder": 39, "plugin_type": "FilerLinkPlugin"}, "model": "cms.cmsplugin", "pk": 136}, {"fields": {"changed_date": "2016-11-08T16:41:02", "language": "fr", "parent": null, "numchild": 0, "creation_date": "2016-10-24T12:49:57", "depth": 1, "position": 0, "path": "001Y", "placeholder": 34, "plugin_type": "TextPlugin"}, "model": "cms.cmsplugin", "pk": 143}, {"fields": {"changed_date": "2016-11-08T17:10:22", "language": "fr", "parent": 25, "numchild": 0, "creation_date": "2016-11-08T17:09:56", "depth": 2, "position": 0, "path": "000I0002", "placeholder": 30, "plugin_type": "FilerLinkPlugin"}, "model": "cms.cmsplugin", "pk": 146}, {"fields": {"changed_date": "2016-11-08T17:17:19", "language": "fr", "parent": null, "numchild": 1, "creation_date": "2016-10-24T12:27:02", "depth": 1, "position": 0, "path": "0021", "placeholder": 32, "plugin_type": "TextPlugin"}, "model": "cms.cmsplugin", "pk": 147}, {"fields": {"changed_date": "2016-11-08T17:17:19", "language": "fr", "parent": 147, "numchild": 0, "creation_date": "2016-11-08T17:09:56", "depth": 2, "position": 0, "path": "00210001", "placeholder": 32, "plugin_type": "FilerLinkPlugin"}, "model": "cms.cmsplugin", "pk": 148}, {"fields": {"changed_date": "2016-11-09T05:56:21", "language": "fr", "parent": null, "numchild": 0, "creation_date": "2016-10-24T12:56:03", "depth": 1, "position": 0, "path": "0028", "placeholder": 14, "plugin_type": "TextPlugin"}, "model": "cms.cmsplugin", "pk": 157}, {"fields": {"changed_date": "2016-11-09T05:56:21", "language": "fr", "parent": null, "numchild": 0, "creation_date": "2016-10-26T10:35:10", "depth": 1, "position": 1, "path": "0029", "placeholder": 14, "plugin_type": "TextPlugin"}, "model": "cms.cmsplugin", "pk": 158}, {"fields": {"changed_date": "2016-11-09T09:07:08", "language": "fr", "parent": null, "numchild": 0, "creation_date": "2016-11-09T09:07:08", "depth": 1, "position": 0, "path": "002C", "placeholder": 19, "plugin_type": "TextPlugin"}, "model": "cms.cmsplugin", "pk": 161}, {"fields": {"changed_date": "2016-11-09T09:07:08", "language": "fr", "parent": null, "numchild": 0, "creation_date": "2016-11-09T09:07:08", "depth": 1, "position": 0, "path": "002D", "placeholder": 19, "plugin_type": "TextPlugin"}, "model": "cms.cmsplugin", "pk": 162}, {"fields": {"changed_date": "2016-11-09T09:07:08", "language": "fr", "parent": null, "numchild": 0, "creation_date": "2016-11-09T09:07:08", "depth": 1, "position": 0, "path": "002E", "placeholder": 19, "plugin_type": "TextPlugin"}, "model": "cms.cmsplugin", "pk": 163}, {"fields": {"changed_date": "2016-11-09T09:07:08", "language": "fr", "parent": null, "numchild": 2, "creation_date": "2016-10-18T10:30:11", "depth": 1, "position": 3, "path": "002F", "placeholder": 19, "plugin_type": "TextPlugin"}, "model": "cms.cmsplugin", "pk": 164}, {"fields": {"changed_date": "2016-11-09T09:07:08", "language": "fr", "parent": 164, "numchild": 0, "creation_date": "2016-10-18T10:40:13", "depth": 2, "position": 0, "path": "002F0001", "placeholder": 19, "plugin_type": "FilerLinkPlugin"}, "model": "cms.cmsplugin", "pk": 165}, {"fields": {"changed_date": "2016-11-09T09:07:08", "language": "fr", "parent": 164, "numchild": 0, "creation_date": "2016-10-18T10:41:34", "depth": 2, "position": 1, "path": "002F0002", "placeholder": 19, "plugin_type": "FilerLinkPlugin"}, "model": "cms.cmsplugin", "pk": 166}, {"fields": {"changed_date": "2016-11-09T09:07:58", "language": "fr", "parent": null, "numchild": 0, "creation_date": "2016-10-18T10:45:09", "depth": 1, "position": 0, "path": "002G", "placeholder": 22, "plugin_type": "TextPlugin"}, "model": "cms.cmsplugin", "pk": 167}, {"fields": {"changed_date": "2016-11-09T09:09:23", "language": "fr", "parent": null, "numchild": 0, "creation_date": "2016-10-24T12:51:37", "depth": 1, "position": 0, "path": "002I", "placeholder": 33, "plugin_type": "TextPlugin"}, "model": "cms.cmsplugin", "pk": 169}, {"fields": {"changed_date": "2016-11-09T11:41:45", "language": "fr", "parent": null, "numchild": 0, "creation_date": "2016-10-18T10:48:30", "depth": 1, "position": 0, "path": "002J", "placeholder": 23, "plugin_type": "TextPlugin"}, "model": "cms.cmsplugin", "pk": 170}, {"fields": {"menu_title": "", "meta_description": "", "page_title": "", "language": "fr", "title": "Accueil", "has_url_overwrite": true, "redirect": "", "publisher_is_draft": true, "page": 1, "published": true, "path": "test", "publisher_state": 0, "creation_date": "2016-10-14T11:22:05", "slug": "test", "publisher_public": 2}, "model": "cms.title", "pk": 1}, {"fields": {"menu_title": "", "meta_description": "", "page_title": "", "language": "fr", "title": "Accueil", "has_url_overwrite": true, "redirect": "", "publisher_is_draft": false, "page": 2, "published": true, "path": "test", "publisher_state": 0, "creation_date": "2016-10-14T11:22:05", "slug": "test", "publisher_public": 1}, "model": "cms.title", "pk": 2}, {"fields": {"menu_title": "\u00c0 propos de l'AG", "meta_description": "", "page_title": "\u00c0 propos de l'AG", "language": "fr", "title": "\u00c0 propos de l'AG", "has_url_overwrite": false, "redirect": "/tout-sur-lag/informations-generales/", "publisher_is_draft": true, "page": 3, "published": true, "path": "tout-sur-lag", "publisher_state": 0, "creation_date": "2016-10-14T17:45:42", "slug": "tout-sur-lag", "publisher_public": 4}, "model": "cms.title", "pk": 3}, {"fields": {"menu_title": "\u00c0 propos de l'AG", "meta_description": "", "page_title": "\u00c0 propos de l'AG", "language": "fr", "title": "\u00c0 propos de l'AG", "has_url_overwrite": false, "redirect": "/tout-sur-lag/informations-generales/", "publisher_is_draft": false, "page": 4, "published": true, "path": "tout-sur-lag", "publisher_state": 0, "creation_date": "2016-10-14T17:45:42", "slug": "tout-sur-lag", "publisher_public": 3}, "model": "cms.title", "pk": 4}, {"fields": {"menu_title": "", "meta_description": "", "page_title": "Programme", "language": "fr", "title": "Programme", "has_url_overwrite": false, "redirect": "/programme/ordre-du-jour/", "publisher_is_draft": true, "page": 5, "published": true, "path": "programme", "publisher_state": 0, "creation_date": "2016-10-14T17:47:56", "slug": "programme", "publisher_public": 9}, "model": "cms.title", "pk": 5}, {"fields": {"menu_title": "Colloque", "meta_description": "", "page_title": "", "language": "fr", "title": "Colloque", "has_url_overwrite": false, "redirect": "", "publisher_is_draft": true, "page": 6, "published": true, "path": "colloque", "publisher_state": 0, "creation_date": "2016-10-14T17:48:33", "slug": "colloque", "publisher_public": 10}, "model": "cms.title", "pk": 6}, {"fields": {"menu_title": "\u00c9lections", "meta_description": "", "page_title": "", "language": "fr", "title": "\u00c9lections", "has_url_overwrite": false, "redirect": "", "publisher_is_draft": true, "page": 7, "published": true, "path": "tout-sur-lag/elections", "publisher_state": 0, "creation_date": "2016-10-14T17:48:50", "slug": "elections", "publisher_public": 11}, "model": "cms.title", "pk": 7}, {"fields": {"menu_title": "Le Maroc", "meta_description": "", "page_title": "", "language": "fr", "title": "Le Maroc", "has_url_overwrite": false, "redirect": "/le-maroc/formalites/", "publisher_is_draft": true, "page": 8, "published": true, "path": "le-maroc", "publisher_state": 0, "creation_date": "2016-10-14T17:49:10", "slug": "le-maroc", "publisher_public": 12}, "model": "cms.title", "pk": 8}, {"fields": {"menu_title": "", "meta_description": "", "page_title": "Programme", "language": "fr", "title": "Programme", "has_url_overwrite": false, "redirect": "/programme/ordre-du-jour/", "publisher_is_draft": false, "page": 9, "published": true, "path": "programme", "publisher_state": 1, "creation_date": "2016-10-14T17:47:56", "slug": "programme", "publisher_public": 5}, "model": "cms.title", "pk": 9}, {"fields": {"menu_title": "Colloque", "meta_description": "", "page_title": "", "language": "fr", "title": "Colloque", "has_url_overwrite": false, "redirect": "", "publisher_is_draft": false, "page": 10, "published": true, "path": "colloque", "publisher_state": 0, "creation_date": "2016-10-14T17:48:33", "slug": "colloque", "publisher_public": 6}, "model": "cms.title", "pk": 10}, {"fields": {"menu_title": "\u00c9lections", "meta_description": "", "page_title": "", "language": "fr", "title": "\u00c9lections", "has_url_overwrite": false, "redirect": "", "publisher_is_draft": false, "page": 11, "published": true, "path": "tout-sur-lag/elections", "publisher_state": 1, "creation_date": "2016-10-14T17:48:50", "slug": "elections", "publisher_public": 7}, "model": "cms.title", "pk": 11}, {"fields": {"menu_title": "Le Maroc", "meta_description": "", "page_title": "", "language": "fr", "title": "Le Maroc", "has_url_overwrite": false, "redirect": "/le-maroc/formalites/", "publisher_is_draft": false, "page": 12, "published": true, "path": "le-maroc", "publisher_state": 0, "creation_date": "2016-10-14T17:49:10", "slug": "le-maroc", "publisher_public": 8}, "model": "cms.title", "pk": 12}, {"fields": {"menu_title": "Informations g\u00e9n\u00e9rales", "meta_description": "", "page_title": "Informations g\u00e9n\u00e9rales", "language": "fr", "title": "Informations g\u00e9n\u00e9rales", "has_url_overwrite": false, "redirect": "", "publisher_is_draft": true, "page": 13, "published": true, "path": "tout-sur-lag/informations-generales", "publisher_state": 0, "creation_date": "2016-10-18T05:49:34", "slug": "informations-generales", "publisher_public": 14}, "model": "cms.title", "pk": 13}, {"fields": {"menu_title": "Informations g\u00e9n\u00e9rales", "meta_description": "", "page_title": "Informations g\u00e9n\u00e9rales", "language": "fr", "title": "Informations g\u00e9n\u00e9rales", "has_url_overwrite": false, "redirect": "", "publisher_is_draft": false, "page": 14, "published": true, "path": "tout-sur-lag/informations-generales", "publisher_state": 1, "creation_date": "2016-10-18T05:49:34", "slug": "informations-generales", "publisher_public": 13}, "model": "cms.title", "pk": 14}, {"fields": {"menu_title": "Inscriptions", "meta_description": "", "page_title": "Inscriptions", "language": "fr", "title": "Inscriptions", "has_url_overwrite": false, "redirect": null, "publisher_is_draft": true, "page": 15, "published": true, "path": "tout-sur-lag/inscriptions", "publisher_state": 0, "creation_date": "2016-10-18T05:52:00", "slug": "inscriptions", "publisher_public": 17}, "model": "cms.title", "pk": 15}, {"fields": {"menu_title": "Le s\u00e9jour", "meta_description": "", "page_title": "Le s\u00e9jour", "language": "fr", "title": "Le s\u00e9jour", "has_url_overwrite": false, "redirect": null, "publisher_is_draft": true, "page": 16, "published": true, "path": "tout-sur-lag/le-sejour", "publisher_state": 0, "creation_date": "2016-10-18T05:59:01", "slug": "le-sejour", "publisher_public": 18}, "model": "cms.title", "pk": 16}, {"fields": {"menu_title": "Inscriptions", "meta_description": "", "page_title": "Inscriptions", "language": "fr", "title": "Inscriptions", "has_url_overwrite": false, "redirect": null, "publisher_is_draft": false, "page": 17, "published": true, "path": "tout-sur-lag/inscriptions", "publisher_state": 1, "creation_date": "2016-10-18T05:52:00", "slug": "inscriptions", "publisher_public": 15}, "model": "cms.title", "pk": 17}, {"fields": {"menu_title": "Le s\u00e9jour", "meta_description": "", "page_title": "Le s\u00e9jour", "language": "fr", "title": "Le s\u00e9jour", "has_url_overwrite": false, "redirect": null, "publisher_is_draft": false, "page": 18, "published": true, "path": "tout-sur-lag/le-sejour", "publisher_state": 1, "creation_date": "2016-10-18T05:59:01", "slug": "le-sejour", "publisher_public": 16}, "model": "cms.title", "pk": 18}, {"fields": {"menu_title": "Ordre du jour", "meta_description": "", "page_title": "Ordre du jour", "language": "fr", "title": "Ordre du jour", "has_url_overwrite": false, "redirect": null, "publisher_is_draft": true, "page": 21, "published": true, "path": "programme/ordre-du-jour", "publisher_state": 0, "creation_date": "2016-10-18T06:04:54", "slug": "ordre-du-jour", "publisher_public": 28}, "model": "cms.title", "pk": 21}, {"fields": {"menu_title": "Programme d\u00e9taill\u00e9", "meta_description": "", "page_title": "Programme d\u00e9taill\u00e9", "language": "fr", "title": "Programme d\u00e9taill\u00e9", "has_url_overwrite": false, "redirect": null, "publisher_is_draft": true, "page": 22, "published": true, "path": "programme/programme", "publisher_state": 0, "creation_date": "2016-10-18T06:05:16", "slug": "programme", "publisher_public": 29}, "model": "cms.title", "pk": 22}, {"fields": {"menu_title": "Formalit\u00e9s", "meta_description": "", "page_title": "Formalit\u00e9s", "language": "fr", "title": "Formalit\u00e9s", "has_url_overwrite": false, "redirect": null, "publisher_is_draft": true, "page": 23, "published": true, "path": "le-maroc/formalites", "publisher_state": 0, "creation_date": "2016-10-18T06:05:41", "slug": "formalites", "publisher_public": 32}, "model": "cms.title", "pk": 23}, {"fields": {"menu_title": "Informations utiles", "meta_description": "", "page_title": "Informations utiles", "language": "fr", "title": "Informations utiles", "has_url_overwrite": false, "redirect": null, "publisher_is_draft": true, "page": 24, "published": true, "path": "le-maroc/informations-utiles", "publisher_state": 0, "creation_date": "2016-10-18T06:06:37", "slug": "informations-utiles", "publisher_public": 33}, "model": "cms.title", "pk": 24}, {"fields": {"menu_title": "Documents", "meta_description": "", "page_title": "Documents", "language": "fr", "title": "Documents", "has_url_overwrite": false, "redirect": "", "publisher_is_draft": true, "page": 25, "published": true, "path": "documents", "publisher_state": 0, "creation_date": "2016-10-18T06:07:37", "slug": "documents", "publisher_public": 27}, "model": "cms.title", "pk": 25}, {"fields": {"menu_title": "Contacts", "meta_description": "", "page_title": "Contacts", "language": "fr", "title": "Contacts", "has_url_overwrite": false, "redirect": "", "publisher_is_draft": true, "page": 26, "published": true, "path": "contacts", "publisher_state": 0, "creation_date": "2016-10-18T06:19:58", "slug": "contacts", "publisher_public": 34}, "model": "cms.title", "pk": 26}, {"fields": {"menu_title": "Documents", "meta_description": "", "page_title": "Documents", "language": "fr", "title": "Documents", "has_url_overwrite": false, "redirect": "", "publisher_is_draft": false, "page": 27, "published": true, "path": "documents", "publisher_state": 1, "creation_date": "2016-10-18T06:07:37", "slug": "documents", "publisher_public": 25}, "model": "cms.title", "pk": 27}, {"fields": {"menu_title": "Ordre du jour", "meta_description": "", "page_title": "Ordre du jour", "language": "fr", "title": "Ordre du jour", "has_url_overwrite": false, "redirect": null, "publisher_is_draft": false, "page": 28, "published": true, "path": "programme/ordre-du-jour", "publisher_state": 1, "creation_date": "2016-10-18T06:04:54", "slug": "ordre-du-jour", "publisher_public": 21}, "model": "cms.title", "pk": 28}, {"fields": {"menu_title": "Programme d\u00e9taill\u00e9", "meta_description": "", "page_title": "Programme d\u00e9taill\u00e9", "language": "fr", "title": "Programme d\u00e9taill\u00e9", "has_url_overwrite": false, "redirect": null, "publisher_is_draft": false, "page": 29, "published": true, "path": "programme/programme", "publisher_state": 1, "creation_date": "2016-10-18T06:05:16", "slug": "programme", "publisher_public": 22}, "model": "cms.title", "pk": 29}, {"fields": {"menu_title": "Formalit\u00e9s", "meta_description": "", "page_title": "Formalit\u00e9s", "language": "fr", "title": "Formalit\u00e9s", "has_url_overwrite": false, "redirect": null, "publisher_is_draft": false, "page": 32, "published": true, "path": "le-maroc/formalites", "publisher_state": 1, "creation_date": "2016-10-18T06:05:41", "slug": "formalites", "publisher_public": 23}, "model": "cms.title", "pk": 32}, {"fields": {"menu_title": "Informations utiles", "meta_description": "", "page_title": "Informations utiles", "language": "fr", "title": "Informations utiles", "has_url_overwrite": false, "redirect": null, "publisher_is_draft": false, "page": 33, "published": true, "path": "le-maroc/informations-utiles", "publisher_state": 1, "creation_date": "2016-10-18T06:06:37", "slug": "informations-utiles", "publisher_public": 24}, "model": "cms.title", "pk": 33}, {"fields": {"menu_title": "Contacts", "meta_description": "", "page_title": "Contacts", "language": "fr", "title": "Contacts", "has_url_overwrite": false, "redirect": "", "publisher_is_draft": false, "page": 34, "published": true, "path": "contacts", "publisher_state": 1, "creation_date": "2016-10-18T06:19:58", "slug": "contacts", "publisher_public": 26}, "model": "cms.title", "pk": 34}, {"fields": {"alias_placeholder": 9, "plugin": null}, "model": "cms.aliaspluginmodel", "pk": 1}, {"fields": {"revision": "f398723d-2ecd-4d1b-b36e-ca7e272e00e7"}, "model": "cms.urlconfrevision", "pk": 1}, {"fields": {"body": "<h1>Informations g\u00e9n\u00e9rales</h1>\n\n<h2>O\u00f9 et quand se tiendra l'Assembl\u00e9e g\u00e9n\u00e9rale ?</h2>\n\n<p>La 17<sup>e</sup>\u00a0 Assembl\u00e9e g\u00e9n\u00e9rale de l'AUF se tiendra du 10 au 12 mai 2017, \u00e0 l'h\u00f4tel Ryad Mogador Agdal &amp; Palais des Congr\u00e8s Mogador, \u00e0 Marrakech (Maroc).</p>\n\n<h2>Qu\u2019est-ce que l\u2019Assembl\u00e9e g\u00e9n\u00e9rale ?</h2>\n\n<p>Organis\u00e9e tous les quatre ans, l\u2019Assembl\u00e9e g\u00e9n\u00e9rale est l\u2019organe supr\u00eame de l\u2019AUF. Elle r\u00e9unit tous les \u00e9tablissements membres de l\u2019AUF pour d\u00e9finir la politique g\u00e9n\u00e9rale et les grandes orientations de l\u2019AUF. Elle a \u00e9galement pour r\u00f4le d\u2019approuver le rapport d\u2019activit\u00e9 de la p\u00e9riode \u00e9coul\u00e9e, d'\u00e9lire le pr\u00e9sident de l'Agence et de renouveler la composition de son Conseil d'administration et de son Conseil associatif (<cms-plugin title=\"Lien - www.auf.org/auf/nos-instances/\" alt=\"Lien - www.auf.org/auf/nos-instances/ \" id=\"10\"></cms-plugin>). Les membres titulaires y disposent d\u2019une voix d\u00e9lib\u00e9rative, et les membres associ\u00e9s d\u2019une voix consultative.</p>\n\n<p>L\u2019Assembl\u00e9e g\u00e9n\u00e9rale, est un des rares forums universitaires au monde \u00e0 pouvoir r\u00e9unir des repr\u00e9sentants de plus de 800 \u00e9tablissements d\u2019enseignement sup\u00e9rieur et de recherche issus de plus de 100 pays. Elle est une occasion unique de r\u00e9seautage, d\u2019\u00e9changes\u00a0 et de partage de bonnes pratiques.</p>\n\n<h2>Qui peut participer \u00e0 l\u2019Assembl\u00e9e g\u00e9n\u00e9rale\u00a0?</h2>\n\n<p>La participation \u00e0 l'Assembl\u00e9e g\u00e9n\u00e9rale est r\u00e9serv\u00e9e au responsable d\u2019un \u00e9tablissement membre de l'AUF, membre titulaire comme associ\u00e9. Le chef d'\u00e9tablissement peut d\u00e9cider de s'inscrire \u00e0 l'Assembl\u00e9e g\u00e9n\u00e9rale ou mandater un des responsables de son \u00e9tablissement pour le repr\u00e9senter.</p>\n\n<p>Le repr\u00e9sentant mandat\u00e9 peut \u00e9galement venir accompagn\u00e9 \u00e0 l'Assembl\u00e9e g\u00e9n\u00e9rale. Deux cat\u00e9gories d\u2019accompagnateurs sont alors \u00e0 distinguer : les accompagnateurs institutionnels, issus du m\u00eame \u00e9tablissement que le repr\u00e9sentant mandat\u00e9 (par exemple, un vice-recteur, un directeur des relations internationales, etc.), peuvent participer \u00e0 l\u2019Assembl\u00e9e g\u00e9n\u00e9rale en s\u2019acquittant des frais d\u2019inscription et en prenant en charge leurs frais de transport et de s\u00e9jour.\u00a0 Le repr\u00e9sentant mandat\u00e9, tout comme ses accompagnateurs, peut \u00e9galement \u00eatre accompagn\u00e9 d\u2019un proche (par exemple, un conjoint). Moyennant des frais de participation, ce proche pourra participer aux soir\u00e9es organis\u00e9es en marge des travaux de l\u2019Assembl\u00e9e g\u00e9n\u00e9rale, mais non aux travaux de l\u2019Assembl\u00e9e.</p>\n\n<h2>Comment savoir si un \u00e9tablissement est membre titulaire ou associ\u00e9 de l\u2019AUF\u00a0?</h2>\n\n<p>Il suffit de faire une recherche sur l\u2019annuaire des \u00e9tablissements membres disponible sur le site de l\u2019AUF : <cms-plugin title=\"Lien - www.auf.org/membres/\" alt=\"Lien - www.auf.org/membres/ \" id=\"9\"></cms-plugin></p>\n\n<p>\u00a0</p>\n\n<p>\u00a0</p>\n"}, "model": "djangocms_text_ckeditor.text", "pk": 8}, {"fields": {"body": "<h1>Inscriptions</h1>\n\n<h2>Comment s\u2019inscrire \u00e0 l\u2019Assembl\u00e9e g\u00e9n\u00e9rale ?</h2>\n\n<p>L\u2019Assembl\u00e9e g\u00e9n\u00e9rale est <strong>r\u00e9serv\u00e9e aux membres de l'AUF</strong>. L'inscription se fait uniquement sur invitation. Seul le responsable d'un \u00e9tablissement membre (Recteur, Pr\u00e9sident ou \u00e9quivalent) re\u00e7oit l'invitation.</p>\n\n<h2>Quelle est la date de limite d\u2019inscription\u00a0?</h2>\n\n<p>La date limite pour les inscriptions est le <strong>1<sup>er</sup> mars 2017</strong>.</p>\n\n<h2>L\u2019inscription \u00e0 l\u2019Assembl\u00e9e g\u00e9n\u00e9rale est-elle gratuite?</h2>\n\n<p>Des frais fixes d\u2019inscription de 400 euros sont demand\u00e9s \u00e0 tout participant.</p>\n\n<h2>Peut-on s\u2019inscrire si son \u00e9tablissement n\u2019est pas \u00e0 jour de cotisation?</h2>\n\n<p>Seuls les membres \u00e0 jour de leur cotisation due \u00e0 l'AUF peuvent participer \u00e0 l'Assembl\u00e9e g\u00e9n\u00e9rale.</p>\n\n<h2>Comment annuler une inscription ?</h2>\n\n<p>Pour annuler une inscription, vous devez contacter votre correspondant r\u00e9gional. Les coordonn\u00e9es se trouvent dans votre dossier du participant.</p>\n\n<p>\u00a0</p>\n\n<p>\u00a0</p>\n"}, "model": "djangocms_text_ckeditor.text", "pk": 11}, {"fields": {"body": "<h1>Le s\u00e9jour</h1>\n\n<h2>Transport</h2>\n\n<p>L'AUF est en cours de n\u00e9gociation avec une compagnie a\u00e9rienne pour offrir un tarif pr\u00e9f\u00e9rentiel. L'information sera disponible sous peu.</p>\n\n<h2>H\u00e9bergement</h2>\n\n<p>L'AUF a n\u00e9goci\u00e9 un tarif pr\u00e9f\u00e9rentiel avec l'h\u00f4tel Ryad Mogador Agdal &amp; Palais des Congr\u00e8s Mogador, o\u00f9 se d\u00e9roulera l'Assembl\u00e9e g\u00e9n\u00e9rale.</p>\n\n<p>Un nombre limit\u00e9 de chambres a \u00e9t\u00e9 r\u00e9serv\u00e9 pour les participants.</p>\n\n<p>Si vous d\u00e9sirez profiter du tarif pr\u00e9f\u00e9rentiel, vous devez <strong>r\u00e9server avant le 31 d\u00e9cembre 2016.</strong> Pour plus d'information, veuillez consulter votre dossier du participant.</p>\n\n<p>\u00a0</p>\n"}, "model": "djangocms_text_ckeditor.text", "pk": 12}, {"fields": {"body": "<h1>Formalit\u00e9s sur le Maroc</h1>\n\n<h2>PASSEPORT</h2>\n\n<p>Tout ressortissant \u00e9tranger doit pr\u00e9senter un passeport en cours de validit\u00e9 couvrant au moins la dur\u00e9e du s\u00e9jour au Maroc, pour pouvoir entrer sur le territoire marocain.</p>\n\n<p>Une simple carte d\u2019identit\u00e9 ne suffit pas.</p>\n\n<h2>VISA D'ENTR\u00c9E</h2>\n\n<p>Selon la nationalit\u00e9, un visa peut \u00eatre demand\u00e9.</p>\n\n<p>Les ressortissants des pays cit\u00e9s ci-dessous en sont dispens\u00e9s.</p>\n\n<p>Ils ne doivent pr\u00e9senter que leur passeport valide. Le douanier appliquera alors un tampon avec la date d\u2019entr\u00e9e dans le pays et un code d'entr\u00e9e, point de d\u00e9part du visa touristique de 90 jours.</p>\n\n<ul style=\"float: left; width: 220px;\">\n\t<li>Alg\u00e9rie</li>\n\t<li>Allemagne</li>\n\t<li>Andorre</li>\n\t<li>Arabie Saoudite</li>\n\t<li>Argentine</li>\n\t<li>Australie</li>\n\t<li>Autriche</li>\n\t<li>Bahre\u00efn</li>\n\t<li>Belgique</li>\n\t<li>Br\u00e9sil</li>\n\t<li>Bulgarie</li>\n\t<li>Canada</li>\n\t<li>Chili</li>\n\t<li>Chypre</li>\n\t<li>Congo (Brazzaville)</li>\n\t<li>Cor\u00e9e du Sud</li>\n\t<li>C\u00f4te d'Ivoire</li>\n\t<li>Croatie</li>\n\t<li>Danemark</li>\n\t<li>Espagne</li>\n\t<li>Estonie</li>\n\t<li>\u00c9mirats Arabes Unis</li>\n\t<li>\u00c9tats Unis d'Am\u00e9rique</li>\n</ul>\n\n<ul style=\"float: left; width: 220px;\">\n\t<li>Finlande</li>\n\t<li>France + Monaco</li>\n\t<li>Grande Bretagne</li>\n\t<li>Gr\u00e8ce</li>\n\t<li>Guin\u00e9e</li>\n\t<li>Hong-Kong<br>\n\t<em>(s\u00e9jour limit\u00e9 \u00e0 30 jours)</em></li>\n\t<li>Hongrie</li>\n\t<li>Indon\u00e9sie</li>\n\t<li>Irlande</li>\n\t<li>Islande</li>\n\t<li>Italie</li>\n\t<li>Japon</li>\n\t<li>Kowe\u00eft</li>\n\t<li>Lettonie</li>\n\t<li>Libye</li>\n\t<li>Liechtenstein</li>\n\t<li>Lituanie</li>\n\t<li>Luxembourg</li>\n\t<li>Mali</li>\n\t<li>Malte</li>\n\t<li>Mexique</li>\n\t<li>Niger</li>\n</ul>\n\n<ul style=\"float: left; width: 170px;\">\n\t<li>Norv\u00e8ge</li>\n\t<li>Nouvelle Z\u00e9lande</li>\n\t<li>Oman</li>\n\t<li>Pays-Bas</li>\n\t<li>P\u00e9rou</li>\n\t<li>Pologne</li>\n\t<li>Philippines</li>\n\t<li>Portugal</li>\n\t<li>Porto-Rico</li>\n\t<li>Qatar</li>\n\t<li>R\u00e9publique th\u00e8que</li>\n\t<li>Roumanie</li>\n\t<li>S\u00e9n\u00e9gal</li>\n\t<li>Singapour<br>\n\t<em>(s\u00e9jour limit\u00e9 \u00e0 30 jours)</em></li>\n\t<li>Slovaquie</li>\n\t<li>Slov\u00e9nie</li>\n\t<li>Su\u00e8de</li>\n\t<li>Suisse</li>\n\t<li>Tunisie</li>\n\t<li>Turquie</li>\n\t<li>Venezuela</li>\n</ul>\n\n<p style=\"clear: both;\">Les ressortissants de pays qui ne figurent pas sur la liste ci-dessus doivent contacter les autorit\u00e9s consulaires marocaines dans leur pays pour entreprendre les d\u00e9marches d'obtention d'un visa touristique.</p>\n\n<h2>FICHE DE RENSEIGNEMENTS</h2>\n\n<p>Une fiche de renseignements devra \u00e9galement \u00eatre fournie au douanier (\u00e0 l'arriv\u00e9e et \u00e0 la sortie).</p>\n\n<p>Certaines compagnies a\u00e9riennes les distribuent pendant le vol, avant l\u2019atterrissage. Ces fiches sont \u00e9galement \u00e0 disposition \u00e0 l\u2019entr\u00e9e de la zone de douane dans les a\u00e9roports marocains.</p>\n\n<p>Un certain nombre d\u2019informations y sont demand\u00e9es et notamment le lieu o\u00f9 les voyageurs seront h\u00e9berg\u00e9s durant leur s\u00e9jour. Il arrive souvent que le douanier demande une confirmation orale sur le lieu d\u2019h\u00e9bergement. Toutes les informations demand\u00e9es doivent \u00eatre compl\u00e9t\u00e9es. (voir image)</p>\n\n<img src=\"https://www.auf.org/media/adminfiles/FicheRenseignementMaroc.jpg\" title=\"Image - FicheRenseigneemntMaroc.jpg\" alt=\"Image\">\n"}, "model": "djangocms_text_ckeditor.text", "pk": 13}, {"fields": {"body": "<h1>Informations utiles sur le Maroc</h1>\n\n<h2>Prises \u00e9lectriques</h2>\n\n<p>Normes d'\u00e9lectricit\u00e9 :<strong> </strong>tension 220 V fr\u00e9quence 50 Hz</p>\n\n<p>Prises \u00e9lectriques utilis\u00e9es : type C type E</p>\n\n<p>(Voir image)</p>\n\n<p><img src=\"https://www.auf.org/media/adminfiles/Power_suply.png\" title=\"Image - Power_suply.jpg\" alt=\"Image\"></p>\n\n<h2>Argent, banque, change</h2>\n\n<p style=\"margin-bottom: 0.35cm;\"><strong>Monnaie</strong></p>\n\n<p>Le dirham marocain (MAD) est la monnaie nationale utilis\u00e9e. Mi-2015, 1 \u20ac valait environ 11 MAD, ce taux \u00e9tant assez stable depuis des ann\u00e9es.</p>\n\n<p>Taux de change en temps r\u00e9el : MAD 10</p>\n\n<p>Cette monnaie n'est pas convertible et vous \u00eates cens\u00e9 quitter le Maroc sans dirham en poche (vous pouvez changer vos dirhams \u00e0 l'a\u00e9roport si vous avez conserv\u00e9 pr\u00e9cieusement le ticket de change ou le ticket de retrait par carte).</p>\n\n<p>Dans certains h\u00f4tels, et lors de vos achats dans les grandes m\u00e9dinas comme Marrakech, il est souvent possible de r\u00e9gler en euros. Dans ce cas, prenez bien s\u00fbr garde au taux de change.</p>\n\n<p style=\"margin-bottom: 0.35cm;\"><strong>Change</strong></p>\n\n<p>Dans les grandes villes, il y a des bureaux de change, rattach\u00e9s ou non \u00e0 une banque. Sinon, les banques font aussi le change, mais leurs horaires sont plus limit\u00e9s. Chaque organisme peut appliquer son propre taux. Mais il varie assez peu d'un endroit \u00e0 l'autre. De plus, il n'y a aucune commission.</p>\n\n<p>Il n'y a jamais de difficult\u00e9s pour effectuer du change, sauf dans des endroits tr\u00e8s recul\u00e9s. Il peut encore arriver qu'on vous demande de pr\u00e9senter votre passeport. Exiger un re\u00e7u et v\u00e9rifier la somme.</p>\n\n<p>Les billets de banque doivent \u00eatre en bon \u00e9tat pour le change, faute de quoi ils peuvent \u00eatre refus\u00e9s.</p>\n\n<p style=\"margin-bottom: 0.35cm;\"><strong>Cartes de paiement</strong></p>\n\n<p>Elles sont accept\u00e9es par la plupart des h\u00f4tels d'un certain standing, ainsi que dans certains restaurants, magasins et stations-service.</p>\n\n<p>Les commissions des banques marocaines \u00e9tant \u00e9lev\u00e9es pour les commer\u00e7ants, les h\u00f4teliers et les restaurateurs, les frais sont r\u00e9percut\u00e9s sur l'addition.</p>\n\n<p>La carte la plus largement accept\u00e9e est la carte Visa (nombreux distributeurs).</p>\n\n<p style=\"margin-bottom: 0.35cm;\"><strong>Distributeurs automatiques</strong></p>\n\n<p>Ils sont nombreux dans le pays et permettent de retirer des dirhams avec la carte Visa ou MasterCard.</p>\n\n<p>Mieux vaut retirer de l'argent \u00e0 un distributeur attenant \u00e0 une agence bancaire pendant les heures d'ouverture de celle-ci, cela permettra de demander l'intervention d'un pr\u00e9pos\u00e9 en cas de probl\u00e8me et de pouvoir, en principe, r\u00e9cup\u00e9rer sa carte.</p>\n\n<h2 style=\"margin-bottom: 0.35cm;\">Contacts utiles</h2>\n\n<p>Police Secours (en ville) : 19</p>\n\n<p>Marrakech Commissariat central : T\u00e9l. : +212 5 24 43 00 89 / +212 5 24 43 05 70</p>\n\n<p>H\u00f4pitaux et services d\u2019urgence : SAMU/SMUR : 141</p>\n\n<p>\u00a0</p>\n\n<p>\u00a0</p>\n\n<p>\u00a0</p>\n"}, "model": "djangocms_text_ckeditor.text", "pk": 14}, {"fields": {"body": "<h1>Documents</h1>\n\n<h2>RAPPORTS 2014-2017</h2>\n\n<ul>\n\t<li>Rapport du Conseil associatif <em>- \u00e0 venir</em></li>\n\t<li>Rapport du Conseil d'administration <em>- \u00e0 venir</em></li>\n\t<li>Rapport financier <em>- \u00e0 venir</em><br>\n\t\u00a0</li>\n</ul>\n\n<h2>PROGRAMMATION QUADRIENNALE</h2>\n\n<ul>\n\t<li>Programmation quadriennale 2017-2021 <em>- \u00e0 venir</em><br>\n\t\u00a0</li>\n</ul>\n\n<h2>STATUTS</h2>\n\n<ul>\n\t<li><cms-plugin title=\"Lien - Statuts actuels (PDF)\" alt=\"Lien - Statuts actuels (PDF) \" id=\"146\"></cms-plugin></li>\n</ul>\n"}, "model": "djangocms_text_ckeditor.text", "pk": 25}, {"fields": {"body": "<h1>Ordre du jour</h1>\n"}, "model": "djangocms_text_ckeditor.text", "pk": 27}, {"fields": {"body": "<h1>Programme d\u00e9taill\u00e9</h1>\n\n<p>Le programme d\u00e9taill\u00e9 sera disponible sous peu.</p>\n"}, "model": "djangocms_text_ckeditor.text", "pk": 29}, {"fields": {"body": "<h1>Ordre du jour</h1>\n\n<h2>Mardi 9 mai</h2>\n\n<ul>\n\t<li>Arriv\u00e9e des participants \u00e0 Marrakech et enregistrement \u00e0 l'Assembl\u00e9e g\u00e9n\u00e9rale \u00e0 l'h\u00f4tel Ryad Mogador Agdal</li>\n\t<li><em>Buffet d\u00eenatoire \u00e0 l'h\u00f4tel Ryad Mogador Agdal</em><br>\n\t\u00a0</li>\n</ul>\n\n<h2>Mercredi 10 mai \u2013 JOUR 1</h2>\n\n<p><strong>Matin\u00e9e</strong></p>\n\n<ul>\n\t<li>Ouverture officielle</li>\n\t<li>Adoption de l'ordre du jour</li>\n\t<li>Adoption des modifications des statuts de l'AUF et du r\u00e8glement int\u00e9rieur de l'AG</li>\n\t<li>Adoption des rapports statutaires\u00a0: rapport d'activit\u00e9 du conseil associatif, du conseil d'administration et bilan financier de l\u2019exercice \u00e9coul\u00e9 depuis l\u2019Assembl\u00e9e g\u00e9n\u00e9rale pr\u00e9c\u00e9dente.</li>\n\t<li>Intervention du Recteur de l'AUF</li>\n\t<li>Pr\u00e9sentation du projet de la nouvelle strat\u00e9gie quadriennale de l'AUF</li>\n</ul>\n\n<p><strong>Apr\u00e8s-midi</strong></p>\n\n<ul>\n\t<li>\u00c9lections r\u00e9gionales</li>\n\t<li><em>D\u00eener Fantasia (\u00e0 l'ext\u00e9rieur de l'h\u00f4tel Ryad Mogador)</em><br>\n\t\u00a0</li>\n</ul>\n\n<h2>Jeudi 11 mai \u2013 JOUR 2</h2>\n\n<ul>\n\t<li>Colloque \u00ab\u00a0Le r\u00f4le des universit\u00e9s dans le d\u00e9veloppement \u00e9conomique\u00a0\u00bb et Profession de foi des candidats \u00e0 la Pr\u00e9sidence de l'AUF</li>\n\t<li><em>D\u00eener de Gala (\u00e0 l'ext\u00e9rieur de l'h\u00f4tel Ryad Mogador)</em><br>\n\t\u00a0</li>\n</ul>\n\n<h2>Vendredi 12 mai \u2013 JOUR 3</h2>\n\n<ul>\n\t<li>\u00c9lections (Pr\u00e9sidence, Conseil d'administration et Conseil Associatif)</li>\n\t<li><em>Cocktail d\u00eenatoire de cl\u00f4ture \u00e0 l'h\u00f4tel Ryad Mogador</em></li>\n</ul>\n"}, "model": "djangocms_text_ckeditor.text", "pk": 33}, {"fields": {"body": "<h1>\u00c9lections</h1>\n"}, "model": "djangocms_text_ckeditor.text", "pk": 43}, {"fields": {"body": "<h1>Contacts</h1>\n"}, "model": "djangocms_text_ckeditor.text", "pk": 47}, {"fields": {"body": "<h1>Ordre du jour</h1>\n"}, "model": "djangocms_text_ckeditor.text", "pk": 50}, {"fields": {"body": "<p>Si votre question ne trouve pas r\u00e9ponse dans une rubrique du pr\u00e9sent site, tous les renseignements concernant la 17\u1d49 Assembl\u00e9e g\u00e9n\u00e9rale (inscription, activit\u00e9s, programme, etc.) peuvent \u00eatre obtenus en contactant votre correspondant r\u00e9gional qui sera en mesure de vous renseigner sur l'organisation de l\u2019assembl\u00e9e g\u00e9n\u00e9rale :</p>\n\n<table width=\"799\" cellspacing=\"0\" height=\"679\" style=\"border: 2px solid rgb(255, 255, 255);\" cellpadding=\"0\">\n\t<tbody style=\"border: 2px solid #ffffff;\">\n\t\t<tr style=\"border: 2px solid #ffffff;\">\n\t\t\t<td>\n\t\t\t<h4>Bureau Afrique centrale et des Grands Lacs</h4>\n\n\t\t\t<p><strong>Courriel</strong> : <cms-plugin title=\"Lien - AG2017.BACGL@auf.org\" alt=\"Lien - AG2017.BACGL@auf.org \" id=\"117\"></cms-plugin></p>\n\t\t\t</td>\n\t\t\t<td>\n\t\t\t<h4>Bureau Europe centrale et orientale</h4>\n\n\t\t\t<p><strong>Courriel</strong> : <cms-plugin title=\"Lien - AG2017.BECO@auf.org\" alt=\"Lien - AG2017.BECO@auf.org \" id=\"61\"></cms-plugin></p>\n\t\t\t</td>\n\t\t</tr>\n\t\t<tr style=\"border: 2px solid #ffffff;\">\n\t\t\t<td>\n\t\t\t<h4>Bureau Europe de l\u2019Ouest</h4>\n\n\t\t\t<p><strong>Courriel</strong> : <cms-plugin title=\"Lien - AG2017.BEO@auf.org\" alt=\"Lien - AG2017.BEO@auf.org \" id=\"114\"></cms-plugin></p>\n\t\t\t</td>\n\t\t\t<td>\n\t\t\t<h4>Bureau Asie-Pacifique</h4>\n\n\t\t\t<p><strong>Courriel</strong> : <cms-plugin title=\"Lien - AG2017.BAP@auf.org\" alt=\"Lien - AG2017.BAP@auf.org \" id=\"121\"></cms-plugin></p>\n\t\t\t</td>\n\t\t</tr>\n\t\t<tr style=\"border: 2px solid #ffffff;\">\n\t\t\t<td>\n\t\t\t<h4>Bureau Cara\u00efbe</h4>\n\n\t\t\t<p><strong>Courriel</strong> : <cms-plugin title=\"Lien - AG2017.BC@auf.org\" alt=\"Lien - AG2017.BC@auf.org \" id=\"115\"></cms-plugin></p>\n\t\t\t</td>\n\t\t\t<td>\n\t\t\t<h4>Bureau Moyen-Orient</h4>\n\n\t\t\t<p><strong>Courriel</strong> : <cms-plugin title=\"Lien - AG2017.BMO@auf.org\" alt=\"Lien - AG2017.BMO@auf.org \" id=\"120\"></cms-plugin></p>\n\t\t\t</td>\n\t\t</tr>\n\t\t<tr style=\"border: 2px solid #ffffff;\">\n\t\t\t<td>\n\t\t\t<h4>Bureau Oc\u00e9an Indien</h4>\n\n\t\t\t<p><strong>Courriel</strong> : <cms-plugin title=\"Lien - AG2017.BOI@auf.org\" alt=\"Lien - AG2017.BOI@auf.org \" id=\"116\"></cms-plugin></p>\n\t\t\t</td>\n\t\t\t<td>\n\t\t\t<h4>Bureau Maghreb</h4>\n\n\t\t\t<p><strong>Courriel</strong> : <cms-plugin title=\"Lien - AG2017.BM@auf.org\" alt=\"Lien - AG2017.BM@auf.org \" id=\"119\"></cms-plugin></p>\n\t\t\t</td>\n\t\t</tr>\n\t\t<tr style=\"border: 2px solid #ffffff;\">\n\t\t\t<td>\n\t\t\t<h4>Bureau Afrique de l\u2019Ouest</h4>\n\n\t\t\t<p><strong>Courriel</strong> : <cms-plugin title=\"Lien - AG2017.BAO@auf.org\" alt=\"Lien - AG2017.BAO@auf.org \" id=\"60\"></cms-plugin></p>\n\t\t\t</td>\n\t\t\t<td>\n\t\t\t<h4>Bureau des Am\u00e9riques</h4>\n\n\t\t\t<p><strong>Courriel</strong> : <cms-plugin title=\"Lien - AG2017.BA@auf.org\" alt=\"Lien - AG2017.BA@auf.org \" id=\"118\"></cms-plugin></p>\n\t\t\t</td>\n\t\t</tr>\n\t</tbody>\n</table>\n"}, "model": "djangocms_text_ckeditor.text", "pk": 51}, {"fields": {"body": "<div style=\"background-color: #fbf4dd; color: red; padding: 15px;\">\n<p>NB\u00a0: la validit\u00e9 des informations ci-dessous est conditionn\u00e9e par l'adoption, lors de l'Assembl\u00e9e g\u00e9n\u00e9rale, des modifications aux Statuts de l'AUF.</p>\n</div>\n\n<h2>PR\u00c9SIDENCE\u00a0</h2>\n\n<p><strong>Qui peut \u00eatre candidat?</strong></p>\n\n<p>Pour \u00eatre \u00e9ligibles, les candidats doivent \u00eatre recteur, pr\u00e9sident ou directeur d'\u00e9tablissement ou professeur de l\u2019enseignement sup\u00e9rieur ou chercheur de grade \u00e9quivalent (directeur de recherche, par exemple) d'un \u00e9tablissement membre titulaire de l'AUF. Ils doivent \u00e9galement \u00eatre inscrits \u00e0 l\u2019Assembl\u00e9e g\u00e9n\u00e9rale comme repr\u00e9sentants mandat\u00e9s de leur \u00e9tablissement.</p>\n\n<p><strong>Qui a le droit de vote ?</strong></p>\n\n<p>Un \u00e9tablissement membre titulaire dispose d\u2019une voix et seul le repr\u00e9sentant mandat\u00e9 peut exercer son droit de vote. Le vote par procuration n\u2019est pas autoris\u00e9.</p>\n\n<p><strong>Comment pr\u00e9senter sa candidature ? \u00a0</strong></p>\n\n<p>Les op\u00e9rations \u00e9lectorales se tiennent sur une base r\u00e9gionale. Les \u00e9tablissements membres titulaires sont r\u00e9partis en sept r\u00e9gions et se r\u00e9unissent une demi-journ\u00e9e, pendant l\u2019Assembl\u00e9e g\u00e9n\u00e9rale, pour d\u00e9signer par consensus ou vote, leur candidat \u00e0 la pr\u00e9sidence. Les candidatures sont ensuite soumises au vote de l\u2019ensemble des repr\u00e9sentants mandat\u00e9s des \u00e9tablissements membres titulaires, toutes r\u00e9gions confondues.<br>\n\u00a0</p>\n\n<h2>MEMBRES DU CONSEIL D'ADMINISTRATION\u00a0</h2>\n\n<p><strong>Qui peut \u00eatre candidat ?</strong></p>\n\n<p>Pour \u00eatre \u00e9ligibles, les candidats doivent \u00eatre recteur, pr\u00e9sident ou directeur d'\u00e9tablissement ou professeur de l\u2019enseignement sup\u00e9rieur ou chercheur de grade \u00e9quivalent (directeur de recherche, par exemple) d'un membre titulaire de l'AUF . Ils doivent \u00eatre inscrits \u00e0 l\u2019Assembl\u00e9e g\u00e9n\u00e9rale comme repr\u00e9sentants mandat\u00e9s de leur \u00e9tablissement.</p>\n\n<p><strong>Qui a le droit de vote ?</strong></p>\n\n<p>Un \u00e9tablissement membre titulaire dispose d\u2019une voix et seul le repr\u00e9sentant mandat\u00e9 peut exercer son droit de vote. Le vote par procuration n\u2019est pas autoris\u00e9.</p>\n\n<p><strong>Comment pr\u00e9senter sa candidature ? \u00a0</strong></p>\n\n<p>Les op\u00e9rations \u00e9lectorales se tiennent sur une base r\u00e9gionale. Les \u00e9tablissements membres titulaires sont r\u00e9partis en sept r\u00e9gions. Chaque r\u00e9gion dispose d\u2019un quota de si\u00e8ges, fix\u00e9 en fonction du nombre de membres titulaires que compte celle-ci.</p>\n\n<p>La r\u00e9partition g\u00e9ographique est la suivante :</p>\n\n<ul>\n\t<li>Afrique : 4</li>\n\t<li>Am\u00e9riques-Cara\u00efbes : 2</li>\n\t<li>Asie-Pacifique : 1</li>\n\t<li>Europe centrale et orientale : 1</li>\n\t<li>Europe de l\u2019Ouest : 5</li>\n\t<li>Maghreb : 2</li>\n\t<li>Moyen-Orient : 1</li>\n</ul>\n\n<p>C\u2019est sur cette base r\u00e9gionale que les \u00e9tablissements membres titulaires se r\u00e9unissent une demi-journ\u00e9e, pendant l\u2019Assembl\u00e9e g\u00e9n\u00e9rale, pour d\u00e9signer par consensus ou vote leur candidat au conseil d\u2019administration (dont le nombre d\u00e9pend du quota r\u00e9gional) et au conseil associatif (\u00e0 raison d\u2019un membre par r\u00e9gion). Les candidatures sont ensuite soumises au vote de l\u2019ensemble des repr\u00e9sentants mandat\u00e9s des \u00e9tablissements membres titulaires, toutes r\u00e9gions confondues.<br>\n\u00a0</p>\n\n<h2>MEMBRES DU CONSEIL ASSOCIATIF\u00a0</h2>\n\n<p><strong>Qui peut \u00eatre candidat ?</strong></p>\n\n<p>Pour \u00eatre \u00e9ligibles, les candidats doivent \u00eatre recteur, pr\u00e9sident ou directeur d'\u00e9tablissement ou professeur de l\u2019enseignement sup\u00e9rieur ou chercheur de grade \u00e9quivalent (directeur de recherche, par exemple) d'un membre de l'AUF (titulaire ou associ\u00e9) . Ils doivent \u00eatre inscrits \u00e0 l\u2019Assembl\u00e9e g\u00e9n\u00e9rale comme repr\u00e9sentants mandat\u00e9s de leur \u00e9tablissement.</p>\n\n<p><strong>Qui a le droit de vote ?</strong></p>\n\n<p>Un \u00e9tablissement membre dispose d\u2019une voix et seul le repr\u00e9sentant mandat\u00e9 peut exercer son droit de vote. Le vote par procuration n\u2019est pas autoris\u00e9.</p>\n\n<p><strong>Comment pr\u00e9senter sa candidature ? \u00a0</strong></p>\n\n<p>Les op\u00e9rations \u00e9lectorales se tiennent sur une base r\u00e9gionale pour les membres titulaires; les membres associ\u00e9s se r\u00e9unissent ensemble, toutes r\u00e9gions confondues.</p>\n\n<p>Lors de leur r\u00e9union r\u00e9gionale pour d\u00e9signer leur candidats \u00e0 la Pr\u00e9sidence et au Conseil d\u2019administration, les \u00e9tablissements membres titulaires d\u00e9signent aussi par consensus ou vote leur candidat au conseil associatif, \u00e0 raison d\u2019un candidat par r\u00e9gion (donc total de sept candidats).</p>\n\n<p>Les membres associ\u00e9s, quant \u00e0 eux, d\u00e9signent par consensus ou vote, leur candidat, au conseil associatif, \u00e0 raison de trois candidats.</p>\n\n<p>Les candidatures sont ensuite soumises au vote de l\u2019ensemble des repr\u00e9sentants mandat\u00e9s des \u00e9tablissements membres, toutes r\u00e9gions confondues.<br>\n\u00a0</p>\n\n<h2>CONDITION DE VALIDIT\u00c9 (APPLICABLE \u00c0 TOUTES LES INSTANCES)</h2>\n\n<p><strong>Peut-on se d\u00e9clarer candidat avant l\u2019Assembl\u00e9e g\u00e9n\u00e9rale ?</strong></p>\n\n<p>Les candidats devront se d\u00e9clarer lors des r\u00e9unions r\u00e9gionales (pour les titulaires) et lors de la r\u00e9union des associ\u00e9s, qui sont souveraines en la mati\u00e8re.</p>\n\n<p>Il leur est possible d\u2019approcher les \u00e9tablissements membres de l\u2019AUF pour \u00e9voquer leur souhait de si\u00e9ger \u00e0 une des instances de l\u2019AUF, mais aucune candidature exprim\u00e9e avant la tenue des r\u00e9unions r\u00e9gionales ne sera consid\u00e9r\u00e9e comme officielle.</p>\n\n<p>Un candidat qui ne serait pas pr\u00e9sent\u00e9 par sa r\u00e9gion lors de ces r\u00e9unions, a toujours la possibilit\u00e9 de pr\u00e9senter, par la suite, une candidature individuelle.</p>\n"}, "model": "djangocms_text_ckeditor.text", "pk": 68}, {"fields": {"body": "<h1>Formalit\u00e9s sur le Maroc</h1>\n\n<h2>PASSEPORT</h2>\n\n<p>Tout ressortissant \u00e9tranger doit pr\u00e9senter un passeport en cours de validit\u00e9 couvrant au moins la dur\u00e9e du s\u00e9jour au Maroc, pour pouvoir entrer sur le territoire marocain.</p>\n\n<p>Une simple carte d\u2019identit\u00e9 ne suffit pas.</p>\n\n<h2>VISA D'ENTR\u00c9E</h2>\n\n<p>Selon la nationalit\u00e9, un visa peut \u00eatre demand\u00e9.</p>\n\n<p>Les ressortissants des pays cit\u00e9s ci-dessous en sont dispens\u00e9s.</p>\n\n<p>Ils ne doivent pr\u00e9senter que leur passeport valide. Le douanier appliquera alors un tampon avec la date d\u2019entr\u00e9e dans le pays et un code d'entr\u00e9e, point de d\u00e9part du visa touristique de 90 jours.</p>\n\n<ul style=\"float: left; width: 220px;\">\n\t<li>Alg\u00e9rie</li>\n\t<li>Allemagne</li>\n\t<li>Andorre</li>\n\t<li>Arabie Saoudite</li>\n\t<li>Argentine</li>\n\t<li>Australie</li>\n\t<li>Autriche</li>\n\t<li>Bahre\u00efn</li>\n\t<li>Belgique</li>\n\t<li>Br\u00e9sil</li>\n\t<li>Bulgarie</li>\n\t<li>Canada</li>\n\t<li>Chili</li>\n\t<li>Chypre</li>\n\t<li>Congo (Brazzaville)</li>\n\t<li>Cor\u00e9e du Sud</li>\n\t<li>C\u00f4te d'Ivoire</li>\n\t<li>Croatie</li>\n\t<li>Danemark</li>\n\t<li>Espagne</li>\n\t<li>Estonie</li>\n\t<li>\u00c9mirats Arabes Unis</li>\n\t<li>\u00c9tats Unis d'Am\u00e9rique</li>\n</ul>\n\n<ul style=\"float: left; width: 220px;\">\n\t<li>Finlande</li>\n\t<li>France + Monaco</li>\n\t<li>Grande Bretagne</li>\n\t<li>Gr\u00e8ce</li>\n\t<li>Guin\u00e9e</li>\n\t<li>Hong-Kong<br>\n\t<em>(s\u00e9jour limit\u00e9 \u00e0 30 jours)</em></li>\n\t<li>Hongrie</li>\n\t<li>Indon\u00e9sie</li>\n\t<li>Irlande</li>\n\t<li>Islande</li>\n\t<li>Italie</li>\n\t<li>Japon</li>\n\t<li>Kowe\u00eft</li>\n\t<li>Lettonie</li>\n\t<li>Libye</li>\n\t<li>Liechtenstein</li>\n\t<li>Lituanie</li>\n\t<li>Luxembourg</li>\n\t<li>Mali</li>\n\t<li>Malte</li>\n\t<li>Mexique</li>\n\t<li>Niger</li>\n</ul>\n\n<ul style=\"float: left; width: 170px;\">\n\t<li>Norv\u00e8ge</li>\n\t<li>Nouvelle Z\u00e9lande</li>\n\t<li>Oman</li>\n\t<li>Pays-Bas</li>\n\t<li>P\u00e9rou</li>\n\t<li>Pologne</li>\n\t<li>Philippines</li>\n\t<li>Portugal</li>\n\t<li>Porto-Rico</li>\n\t<li>Qatar</li>\n\t<li>R\u00e9publique th\u00e8que</li>\n\t<li>Roumanie</li>\n\t<li>S\u00e9n\u00e9gal</li>\n\t<li>Singapour<br>\n\t<em>(s\u00e9jour limit\u00e9 \u00e0 30 jours)</em></li>\n\t<li>Slovaquie</li>\n\t<li>Slov\u00e9nie</li>\n\t<li>Su\u00e8de</li>\n\t<li>Suisse</li>\n\t<li>Tunisie</li>\n\t<li>Turquie</li>\n\t<li>Venezuela</li>\n</ul>\n\n<p style=\"clear: both;\">Les ressortissants de pays qui ne figurent pas sur la liste ci-dessus doivent contacter les autorit\u00e9s consulaires marocaines dans leur pays pour entreprendre les d\u00e9marches d'obtention d'un visa touristique.</p>\n\n<h2>FICHE DE RENSEIGNEMENTS</h2>\n\n<p>Une fiche de renseignements devra \u00e9galement \u00eatre fournie au douanier (\u00e0 l'arriv\u00e9e et \u00e0 la sortie).</p>\n\n<p>Certaines compagnies a\u00e9riennes les distribuent pendant le vol, avant l\u2019atterrissage. Ces fiches sont \u00e9galement \u00e0 disposition \u00e0 l\u2019entr\u00e9e de la zone de douane dans les a\u00e9roports marocains.</p>\n\n<p>Un certain nombre d\u2019informations y sont demand\u00e9es et notamment le lieu o\u00f9 les voyageurs seront h\u00e9berg\u00e9s durant leur s\u00e9jour. Il arrive souvent que le douanier demande une confirmation orale sur le lieu d\u2019h\u00e9bergement. Toutes les informations demand\u00e9es doivent \u00eatre compl\u00e9t\u00e9es. (voir image)</p>\n\n<img src=\"https://www.auf.org/media/adminfiles/FicheRenseignementMaroc.jpg\" title=\"Image - FicheRenseigneemntMaroc.jpg\" alt=\"Image\">\n"}, "model": "djangocms_text_ckeditor.text", "pk": 122}, {"fields": {"body": "<h1>Informations utiles sur le Maroc</h1>\n\n<h2>Prises \u00e9lectriques</h2>\n\n<p>Normes d'\u00e9lectricit\u00e9 :<strong> </strong>tension 220 V fr\u00e9quence 50 Hz</p>\n\n<p>Prises \u00e9lectriques utilis\u00e9es : type C type E</p>\n\n<p>(Voir image)</p>\n\n<p><img src=\"https://www.auf.org/media/adminfiles/Power_suply.png\" title=\"Image - Power_suply.jpg\" alt=\"Image\"></p>\n\n<h2>Argent, banque, change</h2>\n\n<p style=\"margin-bottom: 0.35cm;\"><strong>Monnaie</strong></p>\n\n<p>Le dirham marocain (MAD) est la monnaie nationale utilis\u00e9e. Mi-2015, 1 \u20ac valait environ 11 MAD, ce taux \u00e9tant assez stable depuis des ann\u00e9es.</p>\n\n<p>Taux de change en temps r\u00e9el : MAD 10</p>\n\n<p>Cette monnaie n'est pas convertible et vous \u00eates cens\u00e9 quitter le Maroc sans dirham en poche (vous pouvez changer vos dirhams \u00e0 l'a\u00e9roport si vous avez conserv\u00e9 pr\u00e9cieusement le ticket de change ou le ticket de retrait par carte).</p>\n\n<p>Dans certains h\u00f4tels, et lors de vos achats dans les grandes m\u00e9dinas comme Marrakech, il est souvent possible de r\u00e9gler en euros. Dans ce cas, prenez bien s\u00fbr garde au taux de change.</p>\n\n<p style=\"margin-bottom: 0.35cm;\"><strong>Change</strong></p>\n\n<p>Dans les grandes villes, il y a des bureaux de change, rattach\u00e9s ou non \u00e0 une banque. Sinon, les banques font aussi le change, mais leurs horaires sont plus limit\u00e9s. Chaque organisme peut appliquer son propre taux. Mais il varie assez peu d'un endroit \u00e0 l'autre. De plus, il n'y a aucune commission.</p>\n\n<p>Il n'y a jamais de difficult\u00e9s pour effectuer du change, sauf dans des endroits tr\u00e8s recul\u00e9s. Il peut encore arriver qu'on vous demande de pr\u00e9senter votre passeport. Exiger un re\u00e7u et v\u00e9rifier la somme.</p>\n\n<p>Les billets de banque doivent \u00eatre en bon \u00e9tat pour le change, faute de quoi ils peuvent \u00eatre refus\u00e9s.</p>\n\n<p style=\"margin-bottom: 0.35cm;\"><strong>Cartes de paiement</strong></p>\n\n<p>Elles sont accept\u00e9es par la plupart des h\u00f4tels d'un certain standing, ainsi que dans certains restaurants, magasins et stations-service.</p>\n\n<p>Les commissions des banques marocaines \u00e9tant \u00e9lev\u00e9es pour les commer\u00e7ants, les h\u00f4teliers et les restaurateurs, les frais sont r\u00e9percut\u00e9s sur l'addition.</p>\n\n<p>La carte la plus largement accept\u00e9e est la carte Visa (nombreux distributeurs).</p>\n\n<p style=\"margin-bottom: 0.35cm;\"><strong>Distributeurs automatiques</strong></p>\n\n<p>Ils sont nombreux dans le pays et permettent de retirer des dirhams avec la carte Visa ou MasterCard.</p>\n\n<p>Mieux vaut retirer de l'argent \u00e0 un distributeur attenant \u00e0 une agence bancaire pendant les heures d'ouverture de celle-ci, cela permettra de demander l'intervention d'un pr\u00e9pos\u00e9 en cas de probl\u00e8me et de pouvoir, en principe, r\u00e9cup\u00e9rer sa carte.</p>\n\n<h2 style=\"margin-bottom: 0.35cm;\">Contacts utiles</h2>\n\n<p>Police Secours (en ville) : 19</p>\n\n<p>Marrakech Commissariat central : T\u00e9l. : +212 5 24 43 00 89 / +212 5 24 43 05 70</p>\n\n<p>H\u00f4pitaux et services d\u2019urgence : SAMU/SMUR : 141</p>\n\n<p>\u00a0</p>\n\n<p>\u00a0</p>\n\n<p>\u00a0</p>\n"}, "model": "djangocms_text_ckeditor.text", "pk": 124}, {"fields": {"body": "<h1>Contacts</h1>\n"}, "model": "djangocms_text_ckeditor.text", "pk": 125}, {"fields": {"body": "<p>Si votre question ne trouve pas r\u00e9ponse dans une rubrique du pr\u00e9sent site, tous les renseignements concernant la 17\u1d49 Assembl\u00e9e g\u00e9n\u00e9rale (inscription, activit\u00e9s, programme, etc.) peuvent \u00eatre obtenus en contactant votre correspondant r\u00e9gional qui sera en mesure de vous renseigner sur l'organisation de l\u2019assembl\u00e9e g\u00e9n\u00e9rale :</p>\n\n<table width=\"799\" cellspacing=\"0\" height=\"679\" style=\"border: 2px solid rgb(255, 255, 255);\" cellpadding=\"0\">\n\t<tbody style=\"border: 2px solid #ffffff;\">\n\t\t<tr style=\"border: 2px solid #ffffff;\">\n\t\t\t<td>\n\t\t\t<h4>Bureau Afrique centrale et des Grands Lacs</h4>\n\n\t\t\t<p><strong>Courriel</strong> : <cms-plugin title=\"Lien - AG2017.BACGL@auf.org\" alt=\"Lien - AG2017.BACGL@auf.org \" id=\"132\"></cms-plugin></p>\n\t\t\t</td>\n\t\t\t<td>\n\t\t\t<h4>Bureau Europe centrale et orientale</h4>\n\n\t\t\t<p><strong>Courriel</strong> : <cms-plugin title=\"Lien - AG2017.BECO@auf.org\" alt=\"Lien - AG2017.BECO@auf.org \" id=\"128\"></cms-plugin></p>\n\t\t\t</td>\n\t\t</tr>\n\t\t<tr style=\"border: 2px solid #ffffff;\">\n\t\t\t<td>\n\t\t\t<h4>Bureau Europe de l\u2019Ouest</h4>\n\n\t\t\t<p><strong>Courriel</strong> : <cms-plugin title=\"Lien - AG2017.BEO@auf.org\" alt=\"Lien - AG2017.BEO@auf.org \" id=\"129\"></cms-plugin></p>\n\t\t\t</td>\n\t\t\t<td>\n\t\t\t<h4>Bureau Asie-Pacifique</h4>\n\n\t\t\t<p><strong>Courriel</strong> : <cms-plugin title=\"Lien - AG2017.BAP@auf.org\" alt=\"Lien - AG2017.BAP@auf.org \" id=\"136\"></cms-plugin></p>\n\t\t\t</td>\n\t\t</tr>\n\t\t<tr style=\"border: 2px solid #ffffff;\">\n\t\t\t<td>\n\t\t\t<h4>Bureau Cara\u00efbe</h4>\n\n\t\t\t<p><strong>Courriel</strong> : <cms-plugin title=\"Lien - AG2017.BC@auf.org\" alt=\"Lien - AG2017.BC@auf.org \" id=\"130\"></cms-plugin></p>\n\t\t\t</td>\n\t\t\t<td>\n\t\t\t<h4>Bureau Moyen-Orient</h4>\n\n\t\t\t<p><strong>Courriel</strong> : <cms-plugin title=\"Lien - AG2017.BMO@auf.org\" alt=\"Lien - AG2017.BMO@auf.org \" id=\"135\"></cms-plugin></p>\n\t\t\t</td>\n\t\t</tr>\n\t\t<tr style=\"border: 2px solid #ffffff;\">\n\t\t\t<td>\n\t\t\t<h4>Bureau Oc\u00e9an Indien</h4>\n\n\t\t\t<p><strong>Courriel</strong> : <cms-plugin title=\"Lien - AG2017.BOI@auf.org\" alt=\"Lien - AG2017.BOI@auf.org \" id=\"131\"></cms-plugin></p>\n\t\t\t</td>\n\t\t\t<td>\n\t\t\t<h4>Bureau Maghreb</h4>\n\n\t\t\t<p><strong>Courriel</strong> : <cms-plugin title=\"Lien - AG2017.BM@auf.org\" alt=\"Lien - AG2017.BM@auf.org \" id=\"134\"></cms-plugin></p>\n\t\t\t</td>\n\t\t</tr>\n\t\t<tr style=\"border: 2px solid #ffffff;\">\n\t\t\t<td>\n\t\t\t<h4>Bureau Afrique de l\u2019Ouest</h4>\n\n\t\t\t<p><strong>Courriel</strong> : <cms-plugin title=\"Lien - AG2017.BAO@auf.org\" alt=\"Lien - AG2017.BAO@auf.org \" id=\"127\"></cms-plugin></p>\n\t\t\t</td>\n\t\t\t<td>\n\t\t\t<h4>Bureau des Am\u00e9riques</h4>\n\n\t\t\t<p><strong>Courriel</strong> : <cms-plugin title=\"Lien - AG2017.BA@auf.org\" alt=\"Lien - AG2017.BA@auf.org \" id=\"133\"></cms-plugin></p>\n\t\t\t</td>\n\t\t</tr>\n\t</tbody>\n</table>\n"}, "model": "djangocms_text_ckeditor.text", "pk": 126}, {"fields": {"body": "<h1>Programme d\u00e9taill\u00e9</h1>\n\n<p>Le programme d\u00e9taill\u00e9 sera disponible sous peu.</p>\n"}, "model": "djangocms_text_ckeditor.text", "pk": 143}, {"fields": {"body": "<h1>Documents</h1>\n\n<h2>RAPPORTS 2014-2017</h2>\n\n<ul>\n\t<li>Rapport du Conseil associatif <em>- \u00e0 venir</em></li>\n\t<li>Rapport du Conseil d'administration <em>- \u00e0 venir</em></li>\n\t<li>Rapport financier <em>- \u00e0 venir</em><br>\n\t\u00a0</li>\n</ul>\n\n<h2>PROGRAMMATION QUADRIENNALE</h2>\n\n<ul>\n\t<li>Programmation quadriennale 2017-2021 <em>- \u00e0 venir</em><br>\n\t\u00a0</li>\n</ul>\n\n<h2>STATUTS</h2>\n\n<ul>\n\t<li><cms-plugin title=\"Lien - Statuts actuels (PDF)\" alt=\"Lien - Statuts actuels (PDF) \" id=\"148\"></cms-plugin></li>\n</ul>\n"}, "model": "djangocms_text_ckeditor.text", "pk": 147}, {"fields": {"body": "<h1>\u00c9lections</h1>\n"}, "model": "djangocms_text_ckeditor.text", "pk": 157}, {"fields": {"body": "<div style=\"background-color: #fbf4dd; color: red; padding: 15px;\">\n<p>NB\u00a0: la validit\u00e9 des informations ci-dessous est conditionn\u00e9e par l'adoption, lors de l'Assembl\u00e9e g\u00e9n\u00e9rale, des modifications aux Statuts de l'AUF.</p>\n</div>\n\n<h2>PR\u00c9SIDENCE\u00a0</h2>\n\n<p><strong>Qui peut \u00eatre candidat?</strong></p>\n\n<p>Pour \u00eatre \u00e9ligibles, les candidats doivent \u00eatre recteur, pr\u00e9sident ou directeur d'\u00e9tablissement ou professeur de l\u2019enseignement sup\u00e9rieur ou chercheur de grade \u00e9quivalent (directeur de recherche, par exemple) d'un \u00e9tablissement membre titulaire de l'AUF. Ils doivent \u00e9galement \u00eatre inscrits \u00e0 l\u2019Assembl\u00e9e g\u00e9n\u00e9rale comme repr\u00e9sentants mandat\u00e9s de leur \u00e9tablissement.</p>\n\n<p><strong>Qui a le droit de vote ?</strong></p>\n\n<p>Un \u00e9tablissement membre titulaire dispose d\u2019une voix et seul le repr\u00e9sentant mandat\u00e9 peut exercer son droit de vote. Le vote par procuration n\u2019est pas autoris\u00e9.</p>\n\n<p><strong>Comment pr\u00e9senter sa candidature ? \u00a0</strong></p>\n\n<p>Les op\u00e9rations \u00e9lectorales se tiennent sur une base r\u00e9gionale. Les \u00e9tablissements membres titulaires sont r\u00e9partis en sept r\u00e9gions et se r\u00e9unissent une demi-journ\u00e9e, pendant l\u2019Assembl\u00e9e g\u00e9n\u00e9rale, pour d\u00e9signer par consensus ou vote, leur candidat \u00e0 la pr\u00e9sidence. Les candidatures sont ensuite soumises au vote de l\u2019ensemble des repr\u00e9sentants mandat\u00e9s des \u00e9tablissements membres titulaires, toutes r\u00e9gions confondues.<br>\n\u00a0</p>\n\n<h2>MEMBRES DU CONSEIL D'ADMINISTRATION\u00a0</h2>\n\n<p><strong>Qui peut \u00eatre candidat ?</strong></p>\n\n<p>Pour \u00eatre \u00e9ligibles, les candidats doivent \u00eatre recteur, pr\u00e9sident ou directeur d'\u00e9tablissement ou professeur de l\u2019enseignement sup\u00e9rieur ou chercheur de grade \u00e9quivalent (directeur de recherche, par exemple) d'un membre titulaire de l'AUF . Ils doivent \u00eatre inscrits \u00e0 l\u2019Assembl\u00e9e g\u00e9n\u00e9rale comme repr\u00e9sentants mandat\u00e9s de leur \u00e9tablissement.</p>\n\n<p><strong>Qui a le droit de vote ?</strong></p>\n\n<p>Un \u00e9tablissement membre titulaire dispose d\u2019une voix et seul le repr\u00e9sentant mandat\u00e9 peut exercer son droit de vote. Le vote par procuration n\u2019est pas autoris\u00e9.</p>\n\n<p><strong>Comment pr\u00e9senter sa candidature ? \u00a0</strong></p>\n\n<p>Les op\u00e9rations \u00e9lectorales se tiennent sur une base r\u00e9gionale. Les \u00e9tablissements membres titulaires sont r\u00e9partis en sept r\u00e9gions. Chaque r\u00e9gion dispose d\u2019un quota de si\u00e8ges, fix\u00e9 en fonction du nombre de membres titulaires que compte celle-ci.</p>\n\n<p>La r\u00e9partition g\u00e9ographique est la suivante :</p>\n\n<ul>\n\t<li>Afrique : 4</li>\n\t<li>Am\u00e9riques-Cara\u00efbes : 2</li>\n\t<li>Asie-Pacifique : 1</li>\n\t<li>Europe centrale et orientale : 1</li>\n\t<li>Europe de l\u2019Ouest : 5</li>\n\t<li>Maghreb : 2</li>\n\t<li>Moyen-Orient : 1</li>\n</ul>\n\n<p>C\u2019est sur cette base r\u00e9gionale que les \u00e9tablissements membres titulaires se r\u00e9unissent une demi-journ\u00e9e, pendant l\u2019Assembl\u00e9e g\u00e9n\u00e9rale, pour d\u00e9signer par consensus ou vote leur candidat au conseil d\u2019administration (dont le nombre d\u00e9pend du quota r\u00e9gional) et au conseil associatif (\u00e0 raison d\u2019un membre par r\u00e9gion). Les candidatures sont ensuite soumises au vote de l\u2019ensemble des repr\u00e9sentants mandat\u00e9s des \u00e9tablissements membres titulaires, toutes r\u00e9gions confondues.<br>\n\u00a0</p>\n\n<h2>MEMBRES DU CONSEIL ASSOCIATIF\u00a0</h2>\n\n<p><strong>Qui peut \u00eatre candidat ?</strong></p>\n\n<p>Pour \u00eatre \u00e9ligibles, les candidats doivent \u00eatre recteur, pr\u00e9sident ou directeur d'\u00e9tablissement ou professeur de l\u2019enseignement sup\u00e9rieur ou chercheur de grade \u00e9quivalent (directeur de recherche, par exemple) d'un membre de l'AUF (titulaire ou associ\u00e9) . Ils doivent \u00eatre inscrits \u00e0 l\u2019Assembl\u00e9e g\u00e9n\u00e9rale comme repr\u00e9sentants mandat\u00e9s de leur \u00e9tablissement.</p>\n\n<p><strong>Qui a le droit de vote ?</strong></p>\n\n<p>Un \u00e9tablissement membre dispose d\u2019une voix et seul le repr\u00e9sentant mandat\u00e9 peut exercer son droit de vote. Le vote par procuration n\u2019est pas autoris\u00e9.</p>\n\n<p><strong>Comment pr\u00e9senter sa candidature ? \u00a0</strong></p>\n\n<p>Les op\u00e9rations \u00e9lectorales se tiennent sur une base r\u00e9gionale pour les membres titulaires; les membres associ\u00e9s se r\u00e9unissent ensemble, toutes r\u00e9gions confondues.</p>\n\n<p>Lors de leur r\u00e9union r\u00e9gionale pour d\u00e9signer leur candidats \u00e0 la Pr\u00e9sidence et au Conseil d\u2019administration, les \u00e9tablissements membres titulaires d\u00e9signent aussi par consensus ou vote leur candidat au conseil associatif, \u00e0 raison d\u2019un candidat par r\u00e9gion (donc total de sept candidats).</p>\n\n<p>Les membres associ\u00e9s, quant \u00e0 eux, d\u00e9signent par consensus ou vote, leur candidat, au conseil associatif, \u00e0 raison de trois candidats.</p>\n\n<p>Les candidatures sont ensuite soumises au vote de l\u2019ensemble des repr\u00e9sentants mandat\u00e9s des \u00e9tablissements membres, toutes r\u00e9gions confondues.<br>\n\u00a0</p>\n\n<h2>CONDITION DE VALIDIT\u00c9 (APPLICABLE \u00c0 TOUTES LES INSTANCES)</h2>\n\n<p><strong>Peut-on se d\u00e9clarer candidat avant l\u2019Assembl\u00e9e g\u00e9n\u00e9rale ?</strong></p>\n\n<p>Les candidats devront se d\u00e9clarer lors des r\u00e9unions r\u00e9gionales (pour les titulaires) et lors de la r\u00e9union des associ\u00e9s, qui sont souveraines en la mati\u00e8re.</p>\n\n<p>Il leur est possible d\u2019approcher les \u00e9tablissements membres de l\u2019AUF pour \u00e9voquer leur souhait de si\u00e9ger \u00e0 une des instances de l\u2019AUF, mais aucune candidature exprim\u00e9e avant la tenue des r\u00e9unions r\u00e9gionales ne sera consid\u00e9r\u00e9e comme officielle.</p>\n\n<p>Un candidat qui ne serait pas pr\u00e9sent\u00e9 par sa r\u00e9gion lors de ces r\u00e9unions, a toujours la possibilit\u00e9 de pr\u00e9senter, par la suite, une candidature individuelle.</p>\n"}, "model": "djangocms_text_ckeditor.text", "pk": 158}, {"fields": {"body": "<h1>Informations g\u00e9n\u00e9rales</h1>\n\n<h2>O\u00f9 et quand se tiendra l'Assembl\u00e9e g\u00e9n\u00e9rale ?</h2>\n\n<p>La 17<sup>e</sup>\u00a0 Assembl\u00e9e g\u00e9n\u00e9rale de l'AUF se tiendra du 10 au 12 mai 2017, \u00e0 l'h\u00f4tel Ryad Mogador Agdal &amp; Palais des Congr\u00e8s Mogador, \u00e0 Marrakech (Maroc).</p>\n\n<h2>Qu\u2019est-ce que l\u2019Assembl\u00e9e g\u00e9n\u00e9rale ?</h2>\n\n<p>Organis\u00e9e tous les quatre ans, l\u2019Assembl\u00e9e g\u00e9n\u00e9rale est l\u2019organe supr\u00eame de l\u2019AUF. Elle r\u00e9unit tous les \u00e9tablissements membres de l\u2019AUF pour d\u00e9finir la politique g\u00e9n\u00e9rale et les grandes orientations de l\u2019AUF. Elle a \u00e9galement pour r\u00f4le d\u2019approuver le rapport d\u2019activit\u00e9 de la p\u00e9riode \u00e9coul\u00e9e, d'\u00e9lire le pr\u00e9sident de l'Agence et de renouveler la composition de son Conseil d'administration et de son Conseil associatif (<cms-plugin title=\"Lien - www.auf.org/auf/nos-instances/\" alt=\"Lien - www.auf.org/auf/nos-instances/ \" id=\"166\"></cms-plugin>). Les membres titulaires y disposent d\u2019une voix d\u00e9lib\u00e9rative, et les membres associ\u00e9s d\u2019une voix consultative.</p>\n\n<p>L\u2019Assembl\u00e9e g\u00e9n\u00e9rale, est un des rares forums universitaires au monde \u00e0 pouvoir r\u00e9unir des repr\u00e9sentants de plus de 800 \u00e9tablissements d\u2019enseignement sup\u00e9rieur et de recherche issus de plus de 100 pays. Elle est une occasion unique de r\u00e9seautage, d\u2019\u00e9changes\u00a0 et de partage de bonnes pratiques.</p>\n\n<h2>Qui peut participer \u00e0 l\u2019Assembl\u00e9e g\u00e9n\u00e9rale\u00a0?</h2>\n\n<p>La participation \u00e0 l'Assembl\u00e9e g\u00e9n\u00e9rale est r\u00e9serv\u00e9e au responsable d\u2019un \u00e9tablissement membre de l'AUF, membre titulaire comme associ\u00e9. Le chef d'\u00e9tablissement peut d\u00e9cider de s'inscrire \u00e0 l'Assembl\u00e9e g\u00e9n\u00e9rale ou mandater un des responsables de son \u00e9tablissement pour le repr\u00e9senter.</p>\n\n<p>Le repr\u00e9sentant mandat\u00e9 peut \u00e9galement venir accompagn\u00e9 \u00e0 l'Assembl\u00e9e g\u00e9n\u00e9rale. Deux cat\u00e9gories d\u2019accompagnateurs sont alors \u00e0 distinguer : les accompagnateurs institutionnels, issus du m\u00eame \u00e9tablissement que le repr\u00e9sentant mandat\u00e9 (par exemple, un vice-recteur, un directeur des relations internationales, etc.), peuvent participer \u00e0 l\u2019Assembl\u00e9e g\u00e9n\u00e9rale en s\u2019acquittant des frais d\u2019inscription et en prenant en charge leurs frais de transport et de s\u00e9jour.\u00a0 Le repr\u00e9sentant mandat\u00e9, tout comme ses accompagnateurs, peut \u00e9galement \u00eatre accompagn\u00e9 d\u2019un proche (par exemple, un conjoint). Moyennant des frais de participation, ce proche pourra participer aux soir\u00e9es organis\u00e9es en marge des travaux de l\u2019Assembl\u00e9e g\u00e9n\u00e9rale, mais non aux travaux de l\u2019Assembl\u00e9e.</p>\n\n<h2>Comment savoir si un \u00e9tablissement est membre titulaire ou associ\u00e9 de l\u2019AUF\u00a0?</h2>\n\n<p>Il suffit de faire une recherche sur l\u2019annuaire des \u00e9tablissements membres disponible sur le site de l\u2019AUF : <cms-plugin title=\"Lien - www.auf.org/membres/\" alt=\"Lien - www.auf.org/membres/ \" id=\"165\"></cms-plugin></p>\n\n<p>\u00a0</p>\n\n<p>\u00a0</p>\n"}, "model": "djangocms_text_ckeditor.text", "pk": 164}, {"fields": {"body": "<h1>Inscriptions</h1>\n\n<h2>Comment s\u2019inscrire \u00e0 l\u2019Assembl\u00e9e g\u00e9n\u00e9rale ?</h2>\n\n<p>L\u2019Assembl\u00e9e g\u00e9n\u00e9rale est <strong>r\u00e9serv\u00e9e aux membres de l'AUF</strong>. L'inscription se fait uniquement sur invitation. Seul le responsable d'un \u00e9tablissement membre (Recteur, Pr\u00e9sident ou \u00e9quivalent) re\u00e7oit l'invitation.</p>\n\n<h2>Quelle est la date de limite d\u2019inscription\u00a0?</h2>\n\n<p>La date limite pour les inscriptions est le <strong>1<sup>er</sup> mars 2017</strong>.</p>\n\n<h2>L\u2019inscription \u00e0 l\u2019Assembl\u00e9e g\u00e9n\u00e9rale est-elle gratuite?</h2>\n\n<p>Des frais fixes d\u2019inscription de 400 euros sont demand\u00e9s \u00e0 tout participant.</p>\n\n<h2>Peut-on s\u2019inscrire si son \u00e9tablissement n\u2019est pas \u00e0 jour de cotisation?</h2>\n\n<p>Seuls les membres \u00e0 jour de leur cotisation due \u00e0 l'AUF peuvent participer \u00e0 l'Assembl\u00e9e g\u00e9n\u00e9rale.</p>\n\n<h2>Comment annuler une inscription ?</h2>\n\n<p>Pour annuler une inscription, vous devez contacter votre correspondant r\u00e9gional. Les coordonn\u00e9es se trouvent dans votre dossier du participant.</p>\n\n<p>\u00a0</p>\n\n<p>\u00a0</p>\n"}, "model": "djangocms_text_ckeditor.text", "pk": 167}, {"fields": {"body": "<h1>Ordre du jour</h1>\n\n<h2>Mardi 9 mai</h2>\n\n<ul>\n\t<li>Arriv\u00e9e des participants \u00e0 Marrakech et enregistrement \u00e0 l'Assembl\u00e9e g\u00e9n\u00e9rale \u00e0 l'h\u00f4tel Ryad Mogador Agdal</li>\n\t<li><em>Buffet d\u00eenatoire \u00e0 l'h\u00f4tel Ryad Mogador Agdal</em><br>\n\t\u00a0</li>\n</ul>\n\n<h2>Mercredi 10 mai \u2013 JOUR 1</h2>\n\n<p><strong>Matin\u00e9e</strong></p>\n\n<ul>\n\t<li>Ouverture officielle</li>\n\t<li>Adoption de l'ordre du jour</li>\n\t<li>Adoption des modifications des statuts de l'AUF et du r\u00e8glement int\u00e9rieur de l'AG</li>\n\t<li>Adoption des rapports statutaires\u00a0: rapport d'activit\u00e9 du conseil associatif, du conseil d'administration et bilan financier de l\u2019exercice \u00e9coul\u00e9 depuis l\u2019Assembl\u00e9e g\u00e9n\u00e9rale pr\u00e9c\u00e9dente.</li>\n\t<li>Intervention du Recteur de l'AUF</li>\n\t<li>Pr\u00e9sentation du projet de la nouvelle strat\u00e9gie quadriennale de l'AUF</li>\n</ul>\n\n<p><strong>Apr\u00e8s-midi</strong></p>\n\n<ul>\n\t<li>\u00c9lections r\u00e9gionales</li>\n\t<li><em>D\u00eener Fantasia (\u00e0 l'ext\u00e9rieur de l'h\u00f4tel Ryad Mogador)</em><br>\n\t\u00a0</li>\n</ul>\n\n<h2>Jeudi 11 mai \u2013 JOUR 2</h2>\n\n<ul>\n\t<li>Colloque \u00ab\u00a0Le r\u00f4le des universit\u00e9s dans le d\u00e9veloppement \u00e9conomique\u00a0\u00bb et Profession de foi des candidats \u00e0 la Pr\u00e9sidence de l'AUF</li>\n\t<li><em>D\u00eener de Gala (\u00e0 l'ext\u00e9rieur de l'h\u00f4tel Ryad Mogador)</em><br>\n\t\u00a0</li>\n</ul>\n\n<h2>Vendredi 12 mai \u2013 JOUR 3</h2>\n\n<ul>\n\t<li>\u00c9lections (Pr\u00e9sidence, Conseil d'administration et Conseil Associatif)</li>\n\t<li><em>Cocktail d\u00eenatoire de cl\u00f4ture \u00e0 l'h\u00f4tel Ryad Mogador</em></li>\n</ul>\n"}, "model": "djangocms_text_ckeditor.text", "pk": 169}, {"fields": {"body": "<h1>Le s\u00e9jour</h1>\n\n<h2>Transport</h2>\n\n<p>L'AUF est en cours de n\u00e9gociation avec une compagnie a\u00e9rienne pour offrir un tarif pr\u00e9f\u00e9rentiel. L'information sera disponible sous peu.</p>\n\n<h2>H\u00e9bergement</h2>\n\n<p>L'AUF a n\u00e9goci\u00e9 un tarif pr\u00e9f\u00e9rentiel avec l'h\u00f4tel Ryad Mogador Agdal &amp; Palais des Congr\u00e8s Mogador, o\u00f9 se d\u00e9roulera l'Assembl\u00e9e g\u00e9n\u00e9rale.</p>\n\n<p>Un nombre limit\u00e9 de chambres a \u00e9t\u00e9 r\u00e9serv\u00e9 pour les participants.</p>\n\n<p>Si vous d\u00e9sirez profiter du tarif pr\u00e9f\u00e9rentiel, vous devez <strong>r\u00e9server avant le 31 d\u00e9cembre 2016.</strong> Pour plus d'information, veuillez consulter votre dossier du participant.</p>\n\n<p>\u00a0</p>\n"}, "model": "djangocms_text_ckeditor.text", "pk": 170}, {"fields": {"rght": 2, "uploaded_at": "2016-11-06T09:29:38", "name": "Maroc", "parent": null, "level": 0, "created_at": "2016-11-06T09:29:38", "modified_at": "2016-11-06T09:29:38", "lft": 1, "tree_id": 1, "owner": 4}, "model": "filer.folder", "pk": 1}, {"fields": {"sha1": "dd258aaefa35b7cc3058a3771adf3734babc5004", "original_filename": "FicheRenseignementMaroc.jpg", "name": "", "description": "", "modified_at": "2016-11-06T09:30:46", "_file_size": 26556, "uploaded_at": "2016-11-06T08:54:30", "file": "filer_public/34/9f/349facd9-d776-4414-be4d-fa2850c6699d/ficherenseignementmaroc.jpg", "owner": 4, "is_public": true, "folder": 1, "has_all_mandatory_data": false, "polymorphic_ctype": 63}, "model": "filer.file", "pk": 1}, {"fields": {"user": 4}, "model": "filer.clipboard", "pk": 1}, {"fields": {"subject_location": "158,251", "must_always_publish_copyright": false, "date_taken": "2016-11-06T08:54:30", "author": "", "_height": 500, "_width": 315, "must_always_publish_author_credit": false, "default_alt_text": "", "default_caption": ""}, "model": "filer.image", "pk": 1}, {"fields": {"name": "filer_public/34/9f/349facd9-d776-4414-be4d-fa2850c6699d/ficherenseignementmaroc.jpg", "storage_hash": "f9bde26a1556cd667f742bd34ec7c55e", "modified": "2016-11-06T09:22:14"}, "model": "easy_thumbnails.source", "pk": 1}, {"fields": {"source": 1, "name": "filer_public_thumbnails/filer_public/34/9f/349facd9-d776-4414-be4d-fa2850c6699d/ficherenseignementmaroc.jpg__32x32_q85_crop_subsampling-2_upscale.jpg", "storage_hash": "f9bde26a1556cd667f742bd34ec7c55e", "modified": "2016-11-06T08:54:31"}, "model": "easy_thumbnails.thumbnail", "pk": 1}, {"fields": {"source": 1, "name": "filer_public_thumbnails/filer_public/34/9f/349facd9-d776-4414-be4d-fa2850c6699d/ficherenseignementmaroc.jpg__64x64_q85_crop_subsampling-2_upscale.jpg", "storage_hash": "f9bde26a1556cd667f742bd34ec7c55e", "modified": "2016-11-06T08:54:31"}, "model": "easy_thumbnails.thumbnail", "pk": 2}, {"fields": {"source": 1, "name": "filer_public_thumbnails/filer_public/34/9f/349facd9-d776-4414-be4d-fa2850c6699d/ficherenseignementmaroc.jpg__48x48_q85_crop_subsampling-2_upscale.jpg", "storage_hash": "f9bde26a1556cd667f742bd34ec7c55e", "modified": "2016-11-06T08:54:31"}, "model": "easy_thumbnails.thumbnail", "pk": 3}, {"fields": {"source": 1, "name": "filer_public_thumbnails/filer_public/34/9f/349facd9-d776-4414-be4d-fa2850c6699d/ficherenseignementmaroc.jpg__16x16_q85_crop_subsampling-2_upscale.jpg", "storage_hash": "f9bde26a1556cd667f742bd34ec7c55e", "modified": "2016-11-06T08:54:31"}, "model": "easy_thumbnails.thumbnail", "pk": 4}, {"fields": {"source": 1, "name": "filer_public_thumbnails/filer_public/34/9f/349facd9-d776-4414-be4d-fa2850c6699d/ficherenseignementmaroc.jpg__180x180_q85_crop_subsampling-2_upscale.jpg", "storage_hash": "f9bde26a1556cd667f742bd34ec7c55e", "modified": "2016-11-06T08:54:31"}, "model": "easy_thumbnails.thumbnail", "pk": 5}, {"fields": {"source": 1, "name": "filer_public_thumbnails/filer_public/34/9f/349facd9-d776-4414-be4d-fa2850c6699d/ficherenseignementmaroc.jpg__210x10000_q85_subsampling-2_upscale.jpg", "storage_hash": "f9bde26a1556cd667f742bd34ec7c55e", "modified": "2016-11-06T08:55:18"}, "model": "easy_thumbnails.thumbnail", "pk": 6}, {"fields": {"source": 1, "name": "filer_public_thumbnails/filer_public/34/9f/349facd9-d776-4414-be4d-fa2850c6699d/ficherenseignementmaroc.jpg__32x32_q85_crop_subject_location-158,250_subsampling-2_upscale.jpg", "storage_hash": "f9bde26a1556cd667f742bd34ec7c55e", "modified": "2016-11-06T08:55:26"}, "model": "easy_thumbnails.thumbnail", "pk": 7}, {"fields": {"source": 1, "name": "filer_public_thumbnails/filer_public/34/9f/349facd9-d776-4414-be4d-fa2850c6699d/ficherenseignementmaroc.jpg__64x64_q85_crop_subject_location-158,250_subsampling-2_upscale.jpg", "storage_hash": "f9bde26a1556cd667f742bd34ec7c55e", "modified": "2016-11-06T08:55:26"}, "model": "easy_thumbnails.thumbnail", "pk": 8}, {"fields": {"source": 1, "name": "filer_public_thumbnails/filer_public/34/9f/349facd9-d776-4414-be4d-fa2850c6699d/ficherenseignementmaroc.jpg__48x48_q85_crop_subject_location-158,250_subsampling-2_upscale.jpg", "storage_hash": "f9bde26a1556cd667f742bd34ec7c55e", "modified": "2016-11-06T08:55:26"}, "model": "easy_thumbnails.thumbnail", "pk": 9}, {"fields": {"source": 1, "name": "filer_public_thumbnails/filer_public/34/9f/349facd9-d776-4414-be4d-fa2850c6699d/ficherenseignementmaroc.jpg__16x16_q85_crop_subject_location-158,250_subsampling-2_upscale.jpg", "storage_hash": "f9bde26a1556cd667f742bd34ec7c55e", "modified": "2016-11-06T08:55:26"}, "model": "easy_thumbnails.thumbnail", "pk": 10}, {"fields": {"source": 1, "name": "filer_public_thumbnails/filer_public/34/9f/349facd9-d776-4414-be4d-fa2850c6699d/ficherenseignementmaroc.jpg__210x10000_q85_subject_location-158,250_subsampling-2_upscale.jpg", "storage_hash": "f9bde26a1556cd667f742bd34ec7c55e", "modified": "2016-11-06T09:21:48"}, "model": "easy_thumbnails.thumbnail", "pk": 11}, {"fields": {"source": 1, "name": "filer_public_thumbnails/filer_public/34/9f/349facd9-d776-4414-be4d-fa2850c6699d/ficherenseignementmaroc.jpg__32x32_q85_crop_subject_location-158,251_subsampling-2_upscale.jpg", "storage_hash": "f9bde26a1556cd667f742bd34ec7c55e", "modified": "2016-11-06T09:22:14"}, "model": "easy_thumbnails.thumbnail", "pk": 12}, {"fields": {"source": 1, "name": "filer_public_thumbnails/filer_public/34/9f/349facd9-d776-4414-be4d-fa2850c6699d/ficherenseignementmaroc.jpg__64x64_q85_crop_subject_location-158,251_subsampling-2_upscale.jpg", "storage_hash": "f9bde26a1556cd667f742bd34ec7c55e", "modified": "2016-11-06T09:22:14"}, "model": "easy_thumbnails.thumbnail", "pk": 13}, {"fields": {"source": 1, "name": "filer_public_thumbnails/filer_public/34/9f/349facd9-d776-4414-be4d-fa2850c6699d/ficherenseignementmaroc.jpg__48x48_q85_crop_subject_location-158,251_subsampling-2_upscale.jpg", "storage_hash": "f9bde26a1556cd667f742bd34ec7c55e", "modified": "2016-11-06T09:22:14"}, "model": "easy_thumbnails.thumbnail", "pk": 14}, {"fields": {"source": 1, "name": "filer_public_thumbnails/filer_public/34/9f/349facd9-d776-4414-be4d-fa2850c6699d/ficherenseignementmaroc.jpg__16x16_q85_crop_subject_location-158,251_subsampling-2_upscale.jpg", "storage_hash": "f9bde26a1556cd667f742bd34ec7c55e", "modified": "2016-11-06T09:22:14"}, "model": "easy_thumbnails.thumbnail", "pk": 15}, {"fields": {"key": "menu_cache_menu_nodes_fr_1_2_user", "site": 1, "language": "fr"}, "model": "menus.cachekey", "pk": 270}, {"fields": {"key": "menu_cache_menu_nodes_fr_1", "site": 1, "language": "fr"}, "model": "menus.cachekey", "pk": 271}, {"fields": {"key": "menu_cache_menu_nodes_fr_1_1_user", "site": 1, "language": "fr"}, "model": "menus.cachekey", "pk": 272}, {"fields": {"key": "menu_cache_menu_nodes_fr_1_3_user", "site": 1, "language": "fr"}, "model": "menus.cachekey", "pk": 273}]